gbifID	datasetKey	occurrenceID	kingdom	phylum	class	order	family	genus	species	infraspecificEpithet	taxonRank	scientificName	verbatimScientificName	verbatimScientificNameAuthorship	countryCode	locality	stateProvince	occurrenceStatus	individualCount	publishingOrgKey	decimalLatitude	decimalLongitude	coordinateUncertaintyInMeters	coordinatePrecision	elevation	elevationAccuracy	depth	depthAccuracy	eventDate	day	month	year	taxonKey	speciesKey	basisOfRecord	institutionCode	collectionCode	catalogNumber	recordNumber	identifiedBy	dateIdentified	license	rightsHolder	recordedBy	typeStatus	establishmentMeans	lastInterpreted	mediaType	issue
6195380042	50c9509d-22c7-4a22-a47d-8c48425ef4a7	https://www.inaturalist.org/observations/347967212	Plantae	Tracheophyta	Pinopsida	Pinales	Podocarpaceae	Podocarpus	Podocarpus matudae		SPECIES	Podocarpus matudae Lundell	Podocarpus matudae		MX		Tamaulipas	PRESENT		28eb1a3f-1c15-4a95-931a-4af90ecb574d	23.060868	-99.216216	4.0						2026-04-03T15:37:01	3	4	2026	5285997	5285997	HUMAN_OBSERVATION	iNaturalist	Observations	347967212		Liliana Ramírez-Freire	2026-04-07T01:31:39	CC_BY_4_0	Liliana Ramírez-Freire	Liliana Ramírez-Freire			2026-04-18T11:20:07.441Z	StillImage	COORDINATE_ROUNDED;CONTINENT_DERIVED_FROM_COORDINATES;TAXON_ID_NOT_FOUND
6195274118	50c9509d-22c7-4a22-a47d-8c48425ef4a7	https://www.inaturalist.org/observations/347994239	Plantae	Tracheophyta	Pinopsida	Pinales	Podocarpaceae	Podocarpus	Podocarpus matudae		SPECIES	Podocarpus matudae Lundell	Podocarpus matudae		MX		Tamaulipas	PRESENT		28eb1a3f-1c15-4a95-931a-4af90ecb574d	23.049628	-99.245479	3.0						2026-04-04T09:10:10	4	4	2026	5285997	5285997	HUMAN_OBSERVATION	iNaturalist	Observations	347994239		Liliana Ramírez-Freire	2026-04-07T04:21:16	CC_BY_4_0	Liliana Ramírez-Freire	Liliana Ramírez-Freire			2026-04-18T11:20:04.307Z	StillImage	COORDINATE_ROUNDED;CONTINENT_DERIVED_FROM_COORDINATES;TAXON_ID_NOT_FOUND
6188206896	50c9509d-22c7-4a22-a47d-8c48425ef4a7	https://www.inaturalist.org/observations/347404118	Plantae	Tracheophyta	Pinopsida	Pinales	Podocarpaceae	Podocarpus	Podocarpus matudae		SPECIES	Podocarpus matudae Lundell	Podocarpus matudae		MX		Chiapas	PRESENT		28eb1a3f-1c15-4a95-931a-4af90ecb574d	17.188562	-93.125314	4.0						2026-03-24T08:17:28	24	3	2026	5285997	5285997	HUMAN_OBSERVATION	iNaturalist	Observations	347404118		Miguel García Cruz	2026-04-05T00:25:16	CC_BY_NC_4_0	Miguel García Cruz	Miguel García Cruz			2026-04-18T10:02:57.136Z	StillImage	COORDINATE_ROUNDED;CONTINENT_DERIVED_FROM_COORDINATES;TAXON_ID_NOT_FOUND
5903777824	50c9509d-22c7-4a22-a47d-8c48425ef4a7	https://www.inaturalist.org/observations/327468182	Plantae	Tracheophyta	Pinopsida	Pinales	Podocarpaceae	Podocarpus	Podocarpus matudae		SPECIES	Podocarpus matudae Lundell	Podocarpus matudae		MX		Jalisco	PRESENT		28eb1a3f-1c15-4a95-931a-4af90ecb574d	20.212572	-104.75939	206.0						2025-11-01T12:50:32	1	11	2025	5285997	5285997	HUMAN_OBSERVATION	iNaturalist	Observations	327468182		Joceline	2025-11-21T04:44:40	CC_BY_NC_4_0	Joceline	Joceline			2026-04-18T08:10:54.882Z	StillImage	COORDINATE_ROUNDED;CONTINENT_DERIVED_FROM_COORDINATES;TAXON_ID_NOT_FOUND
5830955719	50c9509d-22c7-4a22-a47d-8c48425ef4a7	https://www.inaturalist.org/observations/314788415	Plantae	Tracheophyta	Pinopsida	Pinales	Podocarpaceae	Podocarpus	Podocarpus matudae		SPECIES	Podocarpus matudae Lundell	Podocarpus matudae		MX		Chiapas	PRESENT		28eb1a3f-1c15-4a95-931a-4af90ecb574d	16.171112	-93.602238							2025-04-21T19:45	21	4	2025	5285997	5285997	HUMAN_OBSERVATION	iNaturalist	Observations	314788415		Madeleine (Magsy) Lombard	2025-09-18T13:45:22	CC_BY_NC_4_0	Madeleine (Magsy) Lombard	Madeleine (Magsy) Lombard			2026-04-18T08:07:41.819Z	StillImage	COORDINATE_ROUNDED;CONTINENT_DERIVED_FROM_COORDINATES;TAXON_ID_NOT_FOUND
5036786369	50c9509d-22c7-4a22-a47d-8c48425ef4a7	https://www.inaturalist.org/observations/257640120	Plantae	Tracheophyta	Pinopsida	Pinales	Podocarpaceae	Podocarpus	Podocarpus matudae		SPECIES	Podocarpus matudae Lundell	Podocarpus matudae		MX		Chiapas	PRESENT		28eb1a3f-1c15-4a95-931a-4af90ecb574d	16.170533	-93.605768	5.0						2024-12-29T14:14	29	12	2024	5285997	5285997	HUMAN_OBSERVATION	iNaturalist	Observations	257640120		Neptalí Ramírez Marcial	2025-01-10T17:51:54	CC_BY_NC_4_0	Carlos G Velazco-Macias	Carlos G Velazco-Macias			2026-04-18T07:52:25.094Z	StillImage	COORDINATE_ROUNDED;CONTINENT_DERIVED_FROM_COORDINATES;TAXON_ID_NOT_FOUND
5007660361	50c9509d-22c7-4a22-a47d-8c48425ef4a7	https://www.inaturalist.org/observations/257595841	Plantae	Tracheophyta	Pinopsida	Pinales	Podocarpaceae	Podocarpus	Podocarpus matudae		SPECIES	Podocarpus matudae Lundell	Podocarpus matudae		MX		Chiapas	PRESENT		28eb1a3f-1c15-4a95-931a-4af90ecb574d	16.169773	-93.607503	5.0						2024-12-29T13:33	29	12	2024	5285997	5285997	HUMAN_OBSERVATION	iNaturalist	Observations	257595841		Carlos G Velazco-Macias	2025-01-06T22:51:09	CC_BY_NC_4_0	Carlos G Velazco-Macias	Carlos G Velazco-Macias			2026-04-18T10:59:51.737Z	StillImage	COORDINATE_ROUNDED;CONTINENT_DERIVED_FROM_COORDINATES;TAXON_ID_NOT_FOUND
5006817253	50c9509d-22c7-4a22-a47d-8c48425ef4a7	https://www.inaturalist.org/observations/257640131	Plantae	Tracheophyta	Pinopsida	Pinales	Podocarpaceae	Podocarpus	Podocarpus matudae		SPECIES	Podocarpus matudae Lundell	Podocarpus matudae		MX		Chiapas	PRESENT		28eb1a3f-1c15-4a95-931a-4af90ecb574d	16.171402	-93.604865	5.0						2024-12-29T14:28	29	12	2024	5285997	5285997	HUMAN_OBSERVATION	iNaturalist	Observations	257640131		Carlos G Velazco-Macias	2025-01-06T22:22:52	CC_BY_NC_4_0	Carlos G Velazco-Macias	Carlos G Velazco-Macias			2026-04-18T08:05:16.916Z	StillImage	COORDINATE_ROUNDED;CONTINENT_DERIVED_FROM_COORDINATES;TAXON_ID_NOT_FOUND
4935824916	50c9509d-22c7-4a22-a47d-8c48425ef4a7	https://www.inaturalist.org/observations/238835018	Plantae	Tracheophyta	Pinopsida	Pinales	Podocarpaceae	Podocarpus	Podocarpus matudae		SPECIES	Podocarpus matudae Lundell	Podocarpus matudae		MX		Chiapas	PRESENT		28eb1a3f-1c15-4a95-931a-4af90ecb574d	17.191884	-92.897654	31.0						2024-08-30T11:04	30	8	2024	5285997	5285997	HUMAN_OBSERVATION	iNaturalist	Observations	238835018		Neptalí Ramírez Marcial	2024-08-30T19:56:05	CC_BY_NC_4_0	Neptalí Ramírez Marcial	Neptalí Ramírez Marcial			2026-04-18T09:26:52.858Z	StillImage	COORDINATE_ROUNDED;CONTINENT_DERIVED_FROM_COORDINATES;TAXON_ID_NOT_FOUND
4923628784	50c9509d-22c7-4a22-a47d-8c48425ef4a7	https://www.inaturalist.org/observations/235355017	Plantae	Tracheophyta	Pinopsida	Pinales	Podocarpaceae	Podocarpus	Podocarpus matudae		SPECIES	Podocarpus matudae Lundell	Podocarpus matudae		MX		Chiapas	PRESENT		28eb1a3f-1c15-4a95-931a-4af90ecb574d	16.705533	-92.614645	2.0						2024-08-07T12:40	7	8	2024	5285997	5285997	HUMAN_OBSERVATION	iNaturalist	Observations	235355017		Neptalí Ramírez Marcial	2024-08-12T15:57:44	CC_BY_NC_4_0	Neptalí Ramírez Marcial	Neptalí Ramírez Marcial			2026-04-18T07:47:05.149Z	StillImage	COORDINATE_ROUNDED;CONTINENT_DERIVED_FROM_COORDINATES;TAXON_ID_NOT_FOUND
4901480470	50c9509d-22c7-4a22-a47d-8c48425ef4a7	https://www.inaturalist.org/observations/224773552	Plantae	Tracheophyta	Pinopsida	Pinales	Podocarpaceae	Podocarpus	Podocarpus matudae		SPECIES	Podocarpus matudae Lundell	Podocarpus matudae		MX		Sinaloa	PRESENT		28eb1a3f-1c15-4a95-931a-4af90ecb574d	24.272308	-106.081321	222.0						2017-04-30T14:58	30	4	2017	5285997	5285997	HUMAN_OBSERVATION	iNaturalist	Observations	224773552		Manuel Guillermo Millán Otero	2024-06-23T23:56:48	CC_BY_NC_4_0	Manuel Guillermo Millán Otero	Manuel Guillermo Millán Otero			2026-04-18T09:22:03.731Z	StillImage	COORDINATE_ROUNDED;CONTINENT_DERIVED_FROM_COORDINATES;TAXON_ID_NOT_FOUND
4901177928	50c9509d-22c7-4a22-a47d-8c48425ef4a7	https://www.inaturalist.org/observations/224773590	Plantae	Tracheophyta	Pinopsida	Pinales	Podocarpaceae	Podocarpus	Podocarpus matudae		SPECIES	Podocarpus matudae Lundell	Podocarpus matudae		MX		Sinaloa	PRESENT		28eb1a3f-1c15-4a95-931a-4af90ecb574d	24.272972	-106.08124	61.0						2017-05-01T10:31	1	5	2017	5285997	5285997	HUMAN_OBSERVATION	iNaturalist	Observations	224773590		Manuel Guillermo Millán Otero	2024-06-23T23:56:58	CC_BY_NC_4_0	Manuel Guillermo Millán Otero	Manuel Guillermo Millán Otero			2026-04-18T07:44:24.326Z	StillImage	COORDINATE_ROUNDED;CONTINENT_DERIVED_FROM_COORDINATES;TAXON_ID_NOT_FOUND
4516630148	50c9509d-22c7-4a22-a47d-8c48425ef4a7	https://www.inaturalist.org/observations/137000620	Plantae	Tracheophyta	Pinopsida	Pinales	Podocarpaceae	Podocarpus	Podocarpus matudae		SPECIES	Podocarpus matudae Lundell	Podocarpus matudae		MX		Veracruz	PRESENT		28eb1a3f-1c15-4a95-931a-4af90ecb574d	19.705763	-97.103571	244.0						2022-09-28T12:06	28	9	2022	5285997	5285997	HUMAN_OBSERVATION	iNaturalist	Observations	137000620		M. Socorro González Elizondo	2024-01-19T21:44:26	CC_BY_NC_4_0	Sarahí Díaz	Sarahí Díaz			2026-04-18T10:32:48.290Z	StillImage	COORDINATE_ROUNDED;CONTINENT_DERIVED_FROM_COORDINATES;TAXON_ID_NOT_FOUND
4440821764	50c9509d-22c7-4a22-a47d-8c48425ef4a7	https://www.inaturalist.org/observations/191027890	Plantae	Tracheophyta	Pinopsida	Pinales	Podocarpaceae	Podocarpus	Podocarpus matudae		SPECIES	Podocarpus matudae Lundell	Podocarpus matudae		MX		Sinaloa	PRESENT		28eb1a3f-1c15-4a95-931a-4af90ecb574d	24.271944	-106.081944							2023-03-08T06:54	8	3	2023	5285997	5285997	HUMAN_OBSERVATION	iNaturalist	Observations	191027890		J. Fernando Pío León	2023-11-14T20:11:01	CC_BY_NC_4_0	J. Fernando Pío León	J. Fernando Pío León			2026-04-18T09:11:28.409Z	StillImage	COORDINATE_ROUNDED;CONTINENT_DERIVED_FROM_COORDINATES;TAXON_ID_NOT_FOUND
4440729745	50c9509d-22c7-4a22-a47d-8c48425ef4a7	https://www.inaturalist.org/observations/191028035	Plantae	Tracheophyta	Pinopsida	Pinales	Podocarpaceae	Podocarpus	Podocarpus matudae		SPECIES	Podocarpus matudae Lundell	Podocarpus matudae		MX		Sinaloa	PRESENT		28eb1a3f-1c15-4a95-931a-4af90ecb574d	24.190278	-106.142222							2023-03-07T14:24	7	3	2023	5285997	5285997	HUMAN_OBSERVATION	iNaturalist	Observations	191028035		J. Fernando Pío León	2023-11-14T20:13:03	CC_BY_NC_4_0	J. Fernando Pío León	J. Fernando Pío León			2026-04-18T09:11:27.401Z	StillImage	COORDINATE_ROUNDED;CONTINENT_DERIVED_FROM_COORDINATES;TAXON_ID_NOT_FOUND
4440703781	50c9509d-22c7-4a22-a47d-8c48425ef4a7	https://www.inaturalist.org/observations/190752011	Plantae	Tracheophyta	Pinopsida	Pinales	Podocarpaceae	Podocarpus	Podocarpus matudae		SPECIES	Podocarpus matudae Lundell	Podocarpus matudae		MX		Chiapas	PRESENT		28eb1a3f-1c15-4a95-931a-4af90ecb574d	16.098074	-91.715063	1941.0						2023-11-10T12:34:23	10	11	2023	5285997	5285997	HUMAN_OBSERVATION	iNaturalist	Observations	190752011		Luis Humberto Vicente-Rivera	2023-11-12T04:28:05	CC_BY_4_0	Luis Humberto Vicente-Rivera	Luis Humberto Vicente-Rivera			2026-04-18T07:35:15.509Z	StillImage	CONTINENT_DERIVED_FROM_COORDINATES;TAXON_ID_NOT_FOUND
4424548968	50c9509d-22c7-4a22-a47d-8c48425ef4a7	https://www.inaturalist.org/observations/186651425	Plantae	Tracheophyta	Pinopsida	Pinales	Podocarpaceae	Podocarpus	Podocarpus matudae		SPECIES	Podocarpus matudae Lundell	Podocarpus matudae		MX		Chiapas	PRESENT		28eb1a3f-1c15-4a95-931a-4af90ecb574d	15.319678	-92.284342	61.0						2023-10-07T22:44	7	10	2023	5285997	5285997	HUMAN_OBSERVATION	iNaturalist	Observations	186651425		Edwin Verdugo	2023-10-08T04:47:08	CC_BY_NC_4_0	Edwin Verdugo	Edwin Verdugo			2026-04-18T10:44:02.183Z	StillImage	COORDINATE_ROUNDED;CONTINENT_DERIVED_FROM_COORDINATES;TAXON_ID_NOT_FOUND
4413423325	50c9509d-22c7-4a22-a47d-8c48425ef4a7	https://www.inaturalist.org/observations/18788377	Plantae	Tracheophyta	Pinopsida	Pinales	Podocarpaceae	Podocarpus	Podocarpus matudae		SPECIES	Podocarpus matudae Lundell	Podocarpus matudae		MX		Tamaulipas	PRESENT		28eb1a3f-1c15-4a95-931a-4af90ecb574d	24.46148	-99.022966	117016.0						2018-11-18T11:58:23	18	11	2018	5285997	5285997	HUMAN_OBSERVATION	iNaturalist	Observations	18788377		Arnulfo Moreno-Valdez	2018-12-04T21:21:32	CC_BY_NC_4_0	Héctor Cruz-Luna	Héctor Cruz-Luna			2026-04-18T08:20:13.235Z	StillImage	COORDINATE_ROUNDED;CONTINENT_DERIVED_FROM_COORDINATES;TAXON_ID_NOT_FOUND
4177499325	50c9509d-22c7-4a22-a47d-8c48425ef4a7	https://www.inaturalist.org/observations/177920556	Plantae	Tracheophyta	Pinopsida	Pinales	Podocarpaceae	Podocarpus	Podocarpus matudae	jaliscanus	SUBSPECIES	Podocarpus matudae subsp. jaliscanus (de Laub. & Silba) Silba	Podocarpus matudae jaliscanus		MX		Jalisco	PRESENT		28eb1a3f-1c15-4a95-931a-4af90ecb574d	20.212713	-104.759169	205.0						2023-07-12T11:46	12	7	2023	8174724	5285997	HUMAN_OBSERVATION	iNaturalist	Observations	177920556		M. Socorro González Elizondo	2023-11-18T17:53:53	CC_BY_NC_4_0	Humanoide	Humanoide			2026-04-18T10:42:01.670Z	StillImage	COORDINATE_ROUNDED;CONTINENT_DERIVED_FROM_COORDINATES;TAXON_ID_NOT_FOUND
4171545511	50c9509d-22c7-4a22-a47d-8c48425ef4a7	https://www.inaturalist.org/observations/175124526	Plantae	Tracheophyta	Pinopsida	Pinales	Podocarpaceae	Podocarpus	Podocarpus matudae		SPECIES	Podocarpus matudae Lundell	Podocarpus matudae		MX		Chiapas	PRESENT		28eb1a3f-1c15-4a95-931a-4af90ecb574d	16.801413	-92.563127	4.0						2023-07-26T10:49	26	7	2023	5285997	5285997	HUMAN_OBSERVATION	iNaturalist	Observations	175124526		Neptalí Ramírez Marcial	2023-07-26T23:44:44	CC_BY_NC_4_0	Neptalí Ramírez Marcial	Neptalí Ramírez Marcial			2026-04-18T10:41:23.712Z	StillImage	COORDINATE_ROUNDED;CONTINENT_DERIVED_FROM_COORDINATES;TAXON_ID_NOT_FOUND
4171303195	50c9509d-22c7-4a22-a47d-8c48425ef4a7	https://www.inaturalist.org/observations/173511413	Plantae	Tracheophyta	Pinopsida	Pinales	Podocarpaceae	Podocarpus	Podocarpus matudae		SPECIES	Podocarpus matudae Lundell	Podocarpus matudae		MX		Veracruz	PRESENT		28eb1a3f-1c15-4a95-931a-4af90ecb574d	19.526767	-96.924137							2023-06-17T08:58	17	6	2023	5285997	5285997	HUMAN_OBSERVATION	iNaturalist	Observations	173511413		Juan Carlos López Domínguez	2023-07-18T00:14:39	CC_BY_NC_4_0	Juan Carlos López Domínguez	Juan Carlos López Domínguez			2026-04-18T09:05:19.179Z	StillImage	COORDINATE_ROUNDED;CONTINENT_DERIVED_FROM_COORDINATES;TAXON_ID_NOT_FOUND
4133798790	50c9509d-22c7-4a22-a47d-8c48425ef4a7	https://www.inaturalist.org/observations/166308045	Plantae	Tracheophyta	Pinopsida	Pinales	Podocarpaceae	Podocarpus	Podocarpus matudae		SPECIES	Podocarpus matudae Lundell	Podocarpus matudae		MX		Chiapas	PRESENT		28eb1a3f-1c15-4a95-931a-4af90ecb574d	16.786425	-92.478557	488.0						2023-04-08T15:04	8	4	2023	5285997	5285997	HUMAN_OBSERVATION	iNaturalist	Observations	166308045		Neptalí Ramírez Marcial	2023-06-08T20:55:03	CC_BY_NC_4_0	Neptalí Ramírez Marcial	Neptalí Ramírez Marcial			2026-04-18T07:28:06.444Z	StillImage	COORDINATE_ROUNDED;CONTINENT_DERIVED_FROM_COORDINATES;TAXON_ID_NOT_FOUND
4080981531	50c9509d-22c7-4a22-a47d-8c48425ef4a7	https://www.inaturalist.org/observations/149594984	Plantae	Tracheophyta	Pinopsida	Pinales	Podocarpaceae	Podocarpus	Podocarpus matudae	jaliscanus	SUBSPECIES	Podocarpus matudae subsp. jaliscanus (de Laub. & Silba) Silba	Podocarpus matudae jaliscanus		MX		Jalisco	PRESENT		28eb1a3f-1c15-4a95-931a-4af90ecb574d	20.743766	-104.838113							2023-01-23T13:00:41	23	1	2023	8174724	5285997	HUMAN_OBSERVATION	iNaturalist	Observations	149594984		M. Socorro González Elizondo	2023-04-06T02:37:57	CC_BY_4_0	Abraham Sánchez Romero	Abraham Sánchez Romero			2026-04-18T08:57:28.128Z	StillImage	CONTINENT_DERIVED_FROM_COORDINATES;TAXON_ID_NOT_FOUND
4080961302	50c9509d-22c7-4a22-a47d-8c48425ef4a7	http://conabio.inaturalist.org/observations/4532304	Plantae	Tracheophyta	Pinopsida	Pinales	Podocarpaceae	Podocarpus	Podocarpus oleifolius	costaricensis	SUBSPECIES	Podocarpus oleifolius subsp. costaricensis (J.T.Buchholz & N.E.Gray) Silba	Podocarpus oleifolius costaricensis		MX		Oaxaca	PRESENT		28eb1a3f-1c15-4a95-931a-4af90ecb574d	16.766472	-94.706917							2014-05-23	23	5	2014	7383209	5286006	HUMAN_OBSERVATION	iNaturalist	Observations	4532304		M. Socorro González Elizondo	2023-04-06T14:19:31	CC_BY_NC_4_0	Luis Alberto	Luis Alberto			2026-04-18T06:47:04.011Z	StillImage	COORDINATE_ROUNDED;CONTINENT_DERIVED_FROM_COORDINATES;TAXON_ID_NOT_FOUND
4080945511	50c9509d-22c7-4a22-a47d-8c48425ef4a7	https://www.inaturalist.org/observations/146738987	Plantae	Tracheophyta	Pinopsida	Pinales	Podocarpaceae	Podocarpus	Podocarpus matudae	jaliscanus	SUBSPECIES	Podocarpus matudae subsp. jaliscanus (de Laub. & Silba) Silba	Podocarpus matudae jaliscanus		MX		Jalisco	PRESENT		28eb1a3f-1c15-4a95-931a-4af90ecb574d	20.214145	-104.756503	702.0						2023-01-15T16:13:05	15	1	2023	8174724	5285997	HUMAN_OBSERVATION	iNaturalist	Observations	146738987		Eduardo Ruiz-Sanchez	2023-01-17T03:51:47	CC_BY_4_0	Eduardo Ruiz-Sanchez	Eduardo Ruiz-Sanchez			2026-04-18T10:34:53.180Z		COORDINATE_ROUNDED;CONTINENT_DERIVED_FROM_COORDINATES;TAXON_ID_NOT_FOUND
4080940530	50c9509d-22c7-4a22-a47d-8c48425ef4a7	https://www.inaturalist.org/observations/150569549	Plantae	Tracheophyta	Pinopsida	Pinales	Podocarpaceae	Podocarpus	Podocarpus matudae	jaliscanus	SUBSPECIES	Podocarpus matudae subsp. jaliscanus (de Laub. & Silba) Silba	Podocarpus matudae jaliscanus		MX		Jalisco	PRESENT		28eb1a3f-1c15-4a95-931a-4af90ecb574d	20.740548	-104.922813	8.0						2014-07-24T11:42	24	7	2014	8174724	5285997	HUMAN_OBSERVATION	iNaturalist	Observations	150569549		M. Socorro González Elizondo	2023-04-06T02:36:48	CC_BY_NC_4_0	Pablo Carrillo-Reyes	Pablo Carrillo-Reyes			2026-04-18T10:35:43.676Z	StillImage	COORDINATE_ROUNDED;CONTINENT_DERIVED_FROM_COORDINATES;TAXON_ID_NOT_FOUND
4080572410	50c9509d-22c7-4a22-a47d-8c48425ef4a7	https://www.inaturalist.org/observations/114740847	Plantae	Tracheophyta	Pinopsida	Pinales	Podocarpaceae	Podocarpus	Podocarpus matudae	jaliscanus	SUBSPECIES	Podocarpus matudae subsp. jaliscanus (de Laub. & Silba) Silba	Podocarpus matudae jaliscanus		MX		Jalisco	PRESENT		28eb1a3f-1c15-4a95-931a-4af90ecb574d	20.356064	-105.261726							2022-05-01T14:54:46	1	5	2022	8174724	5285997	HUMAN_OBSERVATION	iNaturalist	Observations	114740847		M. Socorro González Elizondo	2023-04-07T00:31:16	CC_BY_NC_4_0	Leonardo Campos	Leonardo Campos			2026-04-18T07:14:31.700Z	StillImage	COORDINATE_ROUNDED;CONTINENT_DERIVED_FROM_COORDINATES;TAXON_ID_NOT_FOUND
4062738672	50c9509d-22c7-4a22-a47d-8c48425ef4a7	https://www.inaturalist.org/observations/150569551	Plantae	Tracheophyta	Pinopsida	Pinales	Podocarpaceae	Podocarpus	Podocarpus matudae	jaliscanus	SUBSPECIES	Podocarpus matudae subsp. jaliscanus (de Laub. & Silba) Silba	Podocarpus matudae jaliscanus		MX		Jalisco	PRESENT		28eb1a3f-1c15-4a95-931a-4af90ecb574d	20.745143	-104.991067	4.0						2014-04-15T11:57	15	4	2014	8174724	5285997	HUMAN_OBSERVATION	iNaturalist	Observations	150569551		M. Socorro González Elizondo	2023-04-06T02:35:40	CC_BY_NC_4_0	Pablo Carrillo-Reyes	Pablo Carrillo-Reyes			2026-04-18T10:35:42.615Z	StillImage	COORDINATE_ROUNDED;CONTINENT_DERIVED_FROM_COORDINATES;TAXON_ID_NOT_FOUND
4046245946	50c9509d-22c7-4a22-a47d-8c48425ef4a7	https://www.inaturalist.org/observations/149594969	Plantae	Tracheophyta	Pinopsida	Pinales	Podocarpaceae	Podocarpus	Podocarpus matudae	jaliscanus	SUBSPECIES	Podocarpus matudae subsp. jaliscanus (de Laub. & Silba) Silba	Podocarpus matudae jaliscanus		MX		Jalisco	PRESENT		28eb1a3f-1c15-4a95-931a-4af90ecb574d	20.74408	-104.838445							2023-01-23T12:53:35	23	1	2023	8174724	5285997	HUMAN_OBSERVATION	iNaturalist	Observations	149594969		M. Socorro González Elizondo	2023-04-06T02:38:30	CC_BY_4_0	Abraham Sánchez Romero	Abraham Sánchez Romero			2026-04-18T08:57:31.750Z	StillImage	COORDINATE_ROUNDED;CONTINENT_DERIVED_FROM_COORDINATES;TAXON_ID_NOT_FOUND
3966736493	50c9509d-22c7-4a22-a47d-8c48425ef4a7	https://www.inaturalist.org/observations/131002396	Plantae	Tracheophyta	Pinopsida	Pinales	Podocarpaceae	Podocarpus	Podocarpus matudae		SPECIES	Podocarpus matudae Lundell	Podocarpus matudae		MX		Tamaulipas	PRESENT		28eb1a3f-1c15-4a95-931a-4af90ecb574d	23.068586	-99.224556							2022-08-13T12:52:48	13	8	2022	5285997	5285997	HUMAN_OBSERVATION	iNaturalist	Observations	131002396		Benigno Gómez Garza	2022-08-15T23:24:03	CC_BY_NC_4_0	Benigno Gómez Garza	Benigno Gómez Garza			2026-04-18T08:52:21.803Z	StillImage	COORDINATE_ROUNDED;CONTINENT_DERIVED_FROM_COORDINATES;TAXON_ID_NOT_FOUND
3902032183	50c9509d-22c7-4a22-a47d-8c48425ef4a7	https://www.inaturalist.org/observations/130827379	Plantae	Tracheophyta	Pinopsida	Pinales	Podocarpaceae	Podocarpus	Podocarpus matudae		SPECIES	Podocarpus matudae Lundell	Podocarpus matudae		MX		Chiapas	PRESENT		28eb1a3f-1c15-4a95-931a-4af90ecb574d	16.737036	-92.637619	4955.0						2022-08-13T18:07	13	8	2022	5285997	5285997	HUMAN_OBSERVATION	iNaturalist	Observations	130827379		Neptalí Ramírez Marcial	2022-08-14T19:11:43	CC_BY_NC_4_0	Neptalí Ramírez Marcial	Neptalí Ramírez Marcial			2026-04-18T07:18:38.647Z	StillImage	COORDINATE_ROUNDED;CONTINENT_DERIVED_FROM_COORDINATES;TAXON_ID_NOT_FOUND
3889005501	50c9509d-22c7-4a22-a47d-8c48425ef4a7	https://www.inaturalist.org/observations/128063072	Plantae	Tracheophyta	Pinopsida	Pinales	Podocarpaceae	Podocarpus	Podocarpus matudae	jaliscanus	SUBSPECIES	Podocarpus matudae subsp. jaliscanus (de Laub. & Silba) Silba	Podocarpus matudae jaliscanus		MX		Jalisco	PRESENT		28eb1a3f-1c15-4a95-931a-4af90ecb574d	20.360585	-105.286036	189.0						2022-06-14T12:50:17	14	6	2022	8174724	5285997	HUMAN_OBSERVATION	iNaturalist	Observations	128063072		Senna Bryce Robeson	2022-07-26T22:34:06	CC_BY_4_0	Senna Bryce Robeson	Senna Bryce Robeson			2026-04-18T08:51:33.905Z	StillImage	COORDINATE_ROUNDED;CONTINENT_DERIVED_FROM_COORDINATES;TAXON_ID_NOT_FOUND
3859610533	50c9509d-22c7-4a22-a47d-8c48425ef4a7	https://www.inaturalist.org/observations/119164162	Plantae	Tracheophyta	Pinopsida	Pinales	Podocarpaceae	Podocarpus	Podocarpus matudae		SPECIES	Podocarpus matudae Lundell	Podocarpus matudae		MX		Chiapas	PRESENT		28eb1a3f-1c15-4a95-931a-4af90ecb574d	16.737036	-92.637619	4955.0						2022-05-28T13:31	28	5	2022	5285997	5285997	HUMAN_OBSERVATION	iNaturalist	Observations	119164162		Neptalí Ramírez Marcial	2022-05-29T01:01:28	CC_BY_NC_4_0	Neptalí Ramírez Marcial	Neptalí Ramírez Marcial			2026-04-18T08:48:33.812Z	StillImage	COORDINATE_ROUNDED;CONTINENT_DERIVED_FROM_COORDINATES;TAXON_ID_NOT_FOUND
3802702325	50c9509d-22c7-4a22-a47d-8c48425ef4a7	https://www.inaturalist.org/observations/64066574	Plantae	Tracheophyta	Pinopsida	Pinales	Podocarpaceae	Podocarpus	Podocarpus matudae		SPECIES	Podocarpus matudae Lundell	Podocarpus matudae		MX		Tamaulipas	PRESENT		28eb1a3f-1c15-4a95-931a-4af90ecb574d	23.06671	-99.227271							2020-10-31T15:15:02	31	10	2020	5285997	5285997	HUMAN_OBSERVATION	iNaturalist	Observations	64066574		Benigno Gómez Garza	2020-11-03T18:03:19	CC_BY_NC_4_0	Benigno Gómez Garza	Benigno Gómez Garza			2026-04-18T08:52:04.357Z	StillImage	COORDINATE_ROUNDED;CONTINENT_DERIVED_FROM_COORDINATES;TAXON_ID_NOT_FOUND
3802700393	50c9509d-22c7-4a22-a47d-8c48425ef4a7	https://www.inaturalist.org/observations/98082350	Plantae	Tracheophyta	Pinopsida	Pinales	Podocarpaceae	Podocarpus	Podocarpus matudae		SPECIES	Podocarpus matudae Lundell	Podocarpus matudae		MX		San Luis Potosí	PRESENT		28eb1a3f-1c15-4a95-931a-4af90ecb574d	21.389666	-99.041698	851.0						2020-10-17T10:14	17	10	2020	5285997	5285997	HUMAN_OBSERVATION	iNaturalist	Observations	98082350		R.E.Llanos	2021-10-13T06:49:59	CC_BY_NC_4_0	R.E.Llanos	R.E.Llanos			2026-04-18T07:09:29.313Z	StillImage	COORDINATE_ROUNDED;CONTINENT_DERIVED_FROM_COORDINATES;TAXON_ID_NOT_FOUND
3802393397	50c9509d-22c7-4a22-a47d-8c48425ef4a7	https://www.inaturalist.org/observations/97479763	Plantae	Tracheophyta	Pinopsida	Pinales	Podocarpaceae	Podocarpus	Podocarpus matudae		SPECIES	Podocarpus matudae Lundell	Podocarpus matudae		MX		San Luis Potosí	PRESENT		28eb1a3f-1c15-4a95-931a-4af90ecb574d	21.388876	-99.039252	1048.0						2020-10-17T09:44	17	10	2020	5285997	5285997	HUMAN_OBSERVATION	iNaturalist	Observations	97479763		R.E.Llanos	2021-10-07T20:18:26	CC_BY_NC_4_0	R.E.Llanos	R.E.Llanos			2026-04-18T08:42:03.776Z	StillImage	COORDINATE_ROUNDED;CONTINENT_DERIVED_FROM_COORDINATES;TAXON_ID_NOT_FOUND
3802387344	50c9509d-22c7-4a22-a47d-8c48425ef4a7	https://www.inaturalist.org/observations/71332212	Plantae	Tracheophyta	Pinopsida	Pinales	Podocarpaceae	Podocarpus	Podocarpus matudae		SPECIES	Podocarpus matudae Lundell	Podocarpus matudae		MX		San Luis Potosí	PRESENT		28eb1a3f-1c15-4a95-931a-4af90ecb574d	21.444913	-99.062757							2019-05-11T15:08	11	5	2019	5285997	5285997	HUMAN_OBSERVATION	iNaturalist	Observations	71332212		R.E.Llanos	2021-03-15T23:59:10	CC_BY_NC_4_0	R.E.Llanos	R.E.Llanos			2026-04-18T08:32:57.971Z	StillImage	COORDINATE_ROUNDED;CONTINENT_DERIVED_FROM_COORDINATES;TAXON_ID_NOT_FOUND
3802376347	50c9509d-22c7-4a22-a47d-8c48425ef4a7	https://www.inaturalist.org/observations/71369039	Plantae	Tracheophyta	Pinopsida	Pinales	Podocarpaceae	Podocarpus	Podocarpus matudae		SPECIES	Podocarpus matudae Lundell	Podocarpus matudae		MX		San Luis Potosí	PRESENT		28eb1a3f-1c15-4a95-931a-4af90ecb574d	21.441851	-99.061591	189.0						2019-05-11T15:47	11	5	2019	5285997	5285997	HUMAN_OBSERVATION	iNaturalist	Observations	71369039		R.E.Llanos	2021-03-16T16:47:12	CC_BY_NC_4_0	R.E.Llanos	R.E.Llanos			2026-04-18T10:18:22.753Z	StillImage	COORDINATE_ROUNDED;CONTINENT_DERIVED_FROM_COORDINATES;TAXON_ID_NOT_FOUND
3802366351	50c9509d-22c7-4a22-a47d-8c48425ef4a7	https://www.inaturalist.org/observations/71332214	Plantae	Tracheophyta	Pinopsida	Pinales	Podocarpaceae	Podocarpus	Podocarpus matudae		SPECIES	Podocarpus matudae Lundell	Podocarpus matudae		MX		San Luis Potosí	PRESENT		28eb1a3f-1c15-4a95-931a-4af90ecb574d	21.445657	-99.06335	308.0						2019-05-11T15:10	11	5	2019	5285997	5285997	HUMAN_OBSERVATION	iNaturalist	Observations	71332214		R.E.Llanos	2021-03-15T23:59:11	CC_BY_NC_4_0	R.E.Llanos	R.E.Llanos			2026-04-18T08:32:56.634Z	StillImage	COORDINATE_ROUNDED;CONTINENT_DERIVED_FROM_COORDINATES;TAXON_ID_NOT_FOUND
3802357392	50c9509d-22c7-4a22-a47d-8c48425ef4a7	https://www.inaturalist.org/observations/97479770	Plantae	Tracheophyta	Pinopsida	Pinales	Podocarpaceae	Podocarpus	Podocarpus matudae		SPECIES	Podocarpus matudae Lundell	Podocarpus matudae		MX		San Luis Potosí	PRESENT		28eb1a3f-1c15-4a95-931a-4af90ecb574d	21.388876	-99.039252	1048.0						2020-10-17T09:47	17	10	2020	5285997	5285997	HUMAN_OBSERVATION	iNaturalist	Observations	97479770		R.E.Llanos	2021-10-07T20:18:27	CC_BY_NC_4_0	R.E.Llanos	R.E.Llanos			2026-04-18T08:42:05.603Z	StillImage	COORDINATE_ROUNDED;CONTINENT_DERIVED_FROM_COORDINATES;TAXON_ID_NOT_FOUND
3802319307	50c9509d-22c7-4a22-a47d-8c48425ef4a7	https://www.inaturalist.org/observations/23425544	Plantae	Tracheophyta	Pinopsida	Pinales	Podocarpaceae	Podocarpus	Podocarpus matudae		SPECIES	Podocarpus matudae Lundell	Podocarpus matudae		MX		Chiapas	PRESENT		28eb1a3f-1c15-4a95-931a-4af90ecb574d	16.979953	-91.58507	48.0						2019-04-27T12:56:01	27	4	2019	5285997	5285997	HUMAN_OBSERVATION	iNaturalist	Observations	23425544		Miguel García Cruz	2019-04-27T18:14:06	CC_BY_NC_4_0	Miguel García Cruz	Miguel García Cruz			2026-04-18T06:50:30.750Z	StillImage	COORDINATE_ROUNDED;CONTINENT_DERIVED_FROM_COORDINATES;TAXON_ID_NOT_FOUND
3802306333	50c9509d-22c7-4a22-a47d-8c48425ef4a7	https://www.inaturalist.org/observations/70203763	Plantae	Tracheophyta	Pinopsida	Pinales	Podocarpaceae	Podocarpus	Podocarpus matudae		SPECIES	Podocarpus matudae Lundell	Podocarpus matudae		MX		Veracruz	PRESENT		28eb1a3f-1c15-4a95-931a-4af90ecb574d	19.489965	-97.088113	30562.0						2019-05-19T11:59	19	5	2019	5285997	5285997	HUMAN_OBSERVATION	iNaturalist	Observations	70203763		El Chivizcoyo	2021-02-26T17:07:49	CC_BY_NC_4_0	El Chivizcoyo	El Chivizcoyo			2026-04-18T10:18:09.239Z	StillImage	COORDINATE_ROUNDED;CONTINENT_DERIVED_FROM_COORDINATES;TAXON_ID_NOT_FOUND
3802268395	50c9509d-22c7-4a22-a47d-8c48425ef4a7	https://www.inaturalist.org/observations/97526911	Plantae	Tracheophyta	Pinopsida	Pinales	Podocarpaceae	Podocarpus	Podocarpus matudae		SPECIES	Podocarpus matudae Lundell	Podocarpus matudae		MX		San Luis Potosí	PRESENT		28eb1a3f-1c15-4a95-931a-4af90ecb574d	21.388274	-99.046272	700.0						2020-10-17T10:06	17	10	2020	5285997	5285997	HUMAN_OBSERVATION	iNaturalist	Observations	97526911		R.E.Llanos	2021-10-08T08:28:51	CC_BY_NC_4_0	R.E.Llanos	R.E.Llanos			2026-04-18T08:42:05.131Z	StillImage	COORDINATE_ROUNDED;CONTINENT_DERIVED_FROM_COORDINATES;TAXON_ID_NOT_FOUND
3772611369	50c9509d-22c7-4a22-a47d-8c48425ef4a7	https://www.inaturalist.org/observations/64066660	Plantae	Tracheophyta	Pinopsida	Pinales	Podocarpaceae	Podocarpus	Podocarpus matudae		SPECIES	Podocarpus matudae Lundell	Podocarpus matudae		MX		Tamaulipas	PRESENT		28eb1a3f-1c15-4a95-931a-4af90ecb574d	23.066681	-99.227243							2020-10-31T15:16:12	31	10	2020	5285997	5285997	HUMAN_OBSERVATION	iNaturalist	Observations	64066660		Benigno Gómez Garza	2020-11-02T22:32:35	CC_BY_NC_4_0	Benigno Gómez Garza	Benigno Gómez Garza			2026-04-18T10:16:58.540Z	StillImage	COORDINATE_ROUNDED;CONTINENT_DERIVED_FROM_COORDINATES;TAXON_ID_NOT_FOUND
3759190720	50c9509d-22c7-4a22-a47d-8c48425ef4a7	https://www.inaturalist.org/observations/96016489	Plantae	Tracheophyta	Pinopsida	Pinales	Podocarpaceae	Podocarpus	Podocarpus matudae	jaliscanus	SUBSPECIES	Podocarpus matudae subsp. jaliscanus (de Laub. & Silba) Silba	Podocarpus matudae jaliscanus		MX		Jalisco	PRESENT		28eb1a3f-1c15-4a95-931a-4af90ecb574d	20.519044	-105.257147	780.0						2021-09-22T11:15:30	22	9	2021	8174724	5285997	HUMAN_OBSERVATION	iNaturalist	Observations	96016489		Dante S. Figueroa	2022-04-20T12:43:04	CC_BY_NC_4_0	Ana Nuño	Ana Nuño			2026-04-18T08:41:36.187Z	StillImage	COORDINATE_ROUNDED;CONTINENT_DERIVED_FROM_COORDINATES;TAXON_ID_NOT_FOUND
3383961480	50c9509d-22c7-4a22-a47d-8c48425ef4a7	https://www.inaturalist.org/observations/52338580	Plantae	Tracheophyta	Pinopsida	Pinales	Podocarpaceae	Podocarpus	Podocarpus matudae	jaliscanus	SUBSPECIES	Podocarpus matudae subsp. jaliscanus (de Laub. & Silba) Silba	Podocarpus matudae jaliscanus		MX		Jalisco	PRESENT		28eb1a3f-1c15-4a95-931a-4af90ecb574d	20.212139	-104.751043	462.0						2020-07-06T09:59:34Z	6	7	2020	8174724	5285997	HUMAN_OBSERVATION	iNaturalist	Observations	52338580		M. Socorro González Elizondo	2023-08-01T22:43:33	CC_BY_NC_4_0	ohtokani_teo	ohtokani_teo			2026-04-18T10:14:43.725Z	StillImage	COORDINATE_ROUNDED;CONTINENT_DERIVED_FROM_COORDINATES;TAXON_ID_NOT_FOUND
3314304841	50c9509d-22c7-4a22-a47d-8c48425ef4a7	https://www.inaturalist.org/observations/83680942	Plantae	Tracheophyta	Pinopsida	Pinales	Podocarpaceae	Podocarpus	Podocarpus matudae		SPECIES	Podocarpus matudae Lundell	Podocarpus matudae		MX		Chiapas	PRESENT		28eb1a3f-1c15-4a95-931a-4af90ecb574d	16.720088	-92.660135	122.0						2021-06-18T18:17	18	6	2021	5285997	5285997	HUMAN_OBSERVATION	iNaturalist	Observations	83680942		Neptalí Ramírez Marcial	2021-06-19T19:30:58	CC_BY_NC_4_0	Neptalí Ramírez Marcial	Neptalí Ramírez Marcial			2026-04-18T08:37:18.598Z	StillImage	COORDINATE_ROUNDED;CONTINENT_DERIVED_FROM_COORDINATES;TAXON_ID_NOT_FOUND
3314152450	50c9509d-22c7-4a22-a47d-8c48425ef4a7	https://www.inaturalist.org/observations/78830662	Plantae	Tracheophyta	Pinopsida	Pinales	Podocarpaceae	Podocarpus	Podocarpus matudae	jaliscanus	SUBSPECIES	Podocarpus matudae subsp. jaliscanus (de Laub. & Silba) Silba	Podocarpus matudae jaliscanus		MX		Jalisco	PRESENT		28eb1a3f-1c15-4a95-931a-4af90ecb574d	20.745163	-104.991345	4.0						2007-04-06T13:37	6	4	2007	8174724	5285997	HUMAN_OBSERVATION	iNaturalist	Observations	78830662		Pablo Carrillo-Reyes	2021-05-15T13:57:27	CC_BY_NC_4_0	Pablo Carrillo-Reyes	Pablo Carrillo-Reyes			2026-04-18T08:35:36.360Z	StillImage	COORDINATE_ROUNDED;CONTINENT_DERIVED_FROM_COORDINATES;TAXON_ID_NOT_FOUND
3070726504	50c9509d-22c7-4a22-a47d-8c48425ef4a7	https://www.inaturalist.org/observations/70525191	Plantae	Tracheophyta	Pinopsida	Pinales	Podocarpaceae	Podocarpus	Podocarpus matudae		SPECIES	Podocarpus matudae Lundell	Podocarpus matudae		MX		Veracruz	PRESENT		28eb1a3f-1c15-4a95-931a-4af90ecb574d	19.515758	-97.026876	2.0						2021-03-03T11:04	3	3	2021	5285997	5285997	HUMAN_OBSERVATION	iNaturalist	Observations	70525191		El Chivizcoyo	2021-03-03T23:10:33	CC_BY_NC_4_0	El Chivizcoyo	El Chivizcoyo			2026-04-18T10:18:12.869Z	StillImage	COORDINATE_ROUNDED;CONTINENT_DERIVED_FROM_COORDINATES;TAXON_ID_NOT_FOUND
3070345784	50c9509d-22c7-4a22-a47d-8c48425ef4a7	https://www.inaturalist.org/observations/32702309	Plantae	Tracheophyta	Pinopsida	Pinales	Podocarpaceae	Podocarpus	Podocarpus matudae		SPECIES	Podocarpus matudae Lundell	Podocarpus matudae matudae		MX		Tamaulipas	PRESENT		28eb1a3f-1c15-4a95-931a-4af90ecb574d	23.042532	-99.227058							2019-09-13T16:43:38	13	9	2019	5285997	5285997	HUMAN_OBSERVATION	iNaturalist	Observations	32702309		M. Socorro González Elizondo	2019-09-14T16:29:35	CC_BY_NC_4_0	Joey Santore	Joey Santore			2026-04-18T10:10:57.197Z	StillImage	COORDINATE_ROUNDED;CONTINENT_DERIVED_FROM_COORDINATES;TAXON_ID_NOT_FOUND;TAXON_MATCH_HIGHERRANK
2634373723	50c9509d-22c7-4a22-a47d-8c48425ef4a7	https://www.inaturalist.org/observations/46310936	Plantae	Tracheophyta	Pinopsida	Pinales	Podocarpaceae	Podocarpus	Podocarpus matudae		SPECIES	Podocarpus matudae Lundell	Podocarpus matudae		MX		Chiapas	PRESENT		28eb1a3f-1c15-4a95-931a-4af90ecb574d	16.718426	-92.657428	4.0						2020-05-17T15:07	17	5	2020	5285997	5285997	HUMAN_OBSERVATION	iNaturalist	Observations	46310936		Neptalí Ramírez Marcial	2020-05-17T23:08:51	CC_BY_NC_4_0	Neptalí Ramírez Marcial	Neptalí Ramírez Marcial			2026-04-18T06:55:00.306Z	StillImage	COORDINATE_ROUNDED;CONTINENT_DERIVED_FROM_COORDINATES;TAXON_ID_NOT_FOUND
2634308296	50c9509d-22c7-4a22-a47d-8c48425ef4a7	https://www.inaturalist.org/observations/47772517	Plantae	Tracheophyta	Pinopsida	Pinales	Podocarpaceae	Podocarpus	Podocarpus matudae		SPECIES	Podocarpus matudae Lundell	Podocarpus matudae		MX		Chiapas	PRESENT		28eb1a3f-1c15-4a95-931a-4af90ecb574d	16.720088	-92.660135	122.0						2020-05-28T11:29	28	5	2020	5285997	5285997	HUMAN_OBSERVATION	iNaturalist	Observations	47772517		Neptalí Ramírez Marcial	2020-05-29T20:42:06	CC_BY_NC_4_0	Neptalí Ramírez Marcial	Neptalí Ramírez Marcial			2026-04-18T06:55:14.897Z	StillImage	COORDINATE_ROUNDED;CONTINENT_DERIVED_FROM_COORDINATES;TAXON_ID_NOT_FOUND
2626350454	50c9509d-22c7-4a22-a47d-8c48425ef4a7	https://www.inaturalist.org/observations/46421207	Plantae	Tracheophyta	Pinopsida	Pinales	Podocarpaceae	Podocarpus	Podocarpus matudae		SPECIES	Podocarpus matudae Lundell	Podocarpus matudae		MX		Chiapas	PRESENT		28eb1a3f-1c15-4a95-931a-4af90ecb574d	16.11362	-91.72123	15.0						2014-08-15T15:51	15	8	2014	5285997	5285997	HUMAN_OBSERVATION	iNaturalist	Observations	46421207		Neptalí Ramírez Marcial	2020-05-18T21:28:58	CC_BY_NC_4_0	Neptalí Ramírez Marcial	Neptalí Ramírez Marcial			2026-04-18T08:24:46.714Z	StillImage	COORDINATE_ROUNDED;CONTINENT_DERIVED_FROM_COORDINATES;TAXON_ID_NOT_FOUND
2573868622	50c9509d-22c7-4a22-a47d-8c48425ef4a7	https://www.inaturalist.org/observations/38511221	Plantae	Tracheophyta	Pinopsida	Pinales	Podocarpaceae	Podocarpus	Podocarpus matudae		SPECIES	Podocarpus matudae Lundell	Podocarpus matudae		MX		Chiapas	PRESENT		28eb1a3f-1c15-4a95-931a-4af90ecb574d	17.209841	-93.083465	61.0						2020-02-10T12:09	10	2	2020	5285997	5285997	HUMAN_OBSERVATION	iNaturalist	Observations	38511221		Neptalí Ramírez Marcial	2020-02-10T18:41:25	CC_BY_NC_4_0	Neptalí Ramírez Marcial	Neptalí Ramírez Marcial			2026-04-18T10:12:00.655Z	StillImage	COORDINATE_ROUNDED;CONTINENT_DERIVED_FROM_COORDINATES;TAXON_ID_NOT_FOUND
2311419153	50c9509d-22c7-4a22-a47d-8c48425ef4a7	https://www.inaturalist.org/observations/29953579	Plantae	Tracheophyta	Pinopsida	Pinales	Podocarpaceae	Podocarpus	Podocarpus matudae		SPECIES	Podocarpus matudae Lundell	Podocarpus matudae		MX		Chiapas	PRESENT		28eb1a3f-1c15-4a95-931a-4af90ecb574d	16.721069	-92.659209	8.0						2019-07-14T11:03	14	7	2019	5285997	5285997	HUMAN_OBSERVATION	iNaturalist	Observations	29953579		Neptalí Ramírez Marcial	2019-08-01T01:18:25	CC_BY_NC_4_0	Neptalí Ramírez Marcial	Neptalí Ramírez Marcial			2026-04-18T06:51:39.820Z	StillImage	COORDINATE_ROUNDED;CONTINENT_DERIVED_FROM_COORDINATES;TAXON_ID_NOT_FOUND
2273270648	50c9509d-22c7-4a22-a47d-8c48425ef4a7	https://www.inaturalist.org/observations/27548649	Plantae	Tracheophyta	Pinopsida	Pinales	Podocarpaceae	Podocarpus	Podocarpus matudae	jaliscanus	SUBSPECIES	Podocarpus matudae subsp. jaliscanus (de Laub. & Silba) Silba	Podocarpus matudae jaliscanus		MX		Jalisco	PRESENT		28eb1a3f-1c15-4a95-931a-4af90ecb574d	20.212572	-104.75939	205.0						2014-11-15T17:48	15	11	2014	8174724	5285997	HUMAN_OBSERVATION	iNaturalist	Observations	27548649		Dante S. Figueroa	2021-07-08T17:19:03	CC_BY_NC_4_0	Ana Santiago	Ana Santiago			2026-04-18T08:21:29.662Z	StillImage	COORDINATE_ROUNDED;CONTINENT_DERIVED_FROM_COORDINATES;TAXON_ID_NOT_FOUND
2269270973	50c9509d-22c7-4a22-a47d-8c48425ef4a7	https://www.inaturalist.org/observations/27113739	Plantae	Tracheophyta	Pinopsida	Pinales	Podocarpaceae	Podocarpus	Podocarpus matudae		SPECIES	Podocarpus matudae Lundell	Podocarpus matudae		MX		Chiapas	PRESENT		28eb1a3f-1c15-4a95-931a-4af90ecb574d	15.629572	-92.774759	8.0						2016-01-02T14:18	2	1	2016	5285997	5285997	HUMAN_OBSERVATION	iNaturalist	Observations	27113739		Neptalí Ramírez Marcial	2019-06-16T21:14:52	CC_BY_NC_4_0	Neptalí Ramírez Marcial	Neptalí Ramírez Marcial			2026-04-18T08:21:25.316Z	StillImage	COORDINATE_ROUNDED;CONTINENT_DERIVED_FROM_COORDINATES;TAXON_ID_NOT_FOUND
2265776775	50c9509d-22c7-4a22-a47d-8c48425ef4a7	https://www.inaturalist.org/observations/10034932	Plantae	Tracheophyta	Pinopsida	Pinales	Podocarpaceae	Podocarpus	Podocarpus matudae	jaliscanus	SUBSPECIES	Podocarpus matudae subsp. jaliscanus (de Laub. & Silba) Silba	Podocarpus matudae jaliscanus		MX		Jalisco	PRESENT		28eb1a3f-1c15-4a95-931a-4af90ecb574d	20.212942	-104.757203	68.0						2018-02-24T15:49	24	2	2018	8174724	5285997	HUMAN_OBSERVATION	iNaturalist	Observations	10034932		Dante S. Figueroa	2021-07-08T17:19:57	CC_BY_NC_4_0	dubhealpha	dubhealpha			2026-04-18T08:18:54.598Z	StillImage	COORDINATE_ROUNDED;CONTINENT_DERIVED_FROM_COORDINATES;TAXON_ID_NOT_FOUND
2238839472	50c9509d-22c7-4a22-a47d-8c48425ef4a7	https://www.inaturalist.org/observations/23314430	Plantae	Tracheophyta	Pinopsida	Pinales	Podocarpaceae	Podocarpus	Podocarpus matudae		SPECIES	Podocarpus matudae Lundell	Podocarpus matudae		MX		Chiapas	PRESENT		28eb1a3f-1c15-4a95-931a-4af90ecb574d	16.979839	-91.584728	7.0						2019-04-26T10:02:39	26	4	2019	5285997	5285997	HUMAN_OBSERVATION	iNaturalist	Observations	23314430		veronikmoon	2019-04-27T05:32:02	CC_BY_NC_4_0	veronikmoon	veronikmoon			2026-04-18T08:20:53.945Z	StillImage	COORDINATE_ROUNDED;CONTINENT_DERIVED_FROM_COORDINATES;TAXON_ID_NOT_FOUND
2005401184	50c9509d-22c7-4a22-a47d-8c48425ef4a7	http://conabio.inaturalist.org/observations/2380381	Plantae	Tracheophyta	Pinopsida	Pinales	Podocarpaceae	Podocarpus	Podocarpus matudae		SPECIES	Podocarpus matudae Lundell	Podocarpus matudae		MX		Tamaulipas	PRESENT		28eb1a3f-1c15-4a95-931a-4af90ecb574d	23.100733	-99.192686	72.0						2015-10-09T17:18:26	9	10	2015	5285997	5285997	HUMAN_OBSERVATION	iNaturalist	Observations	2380381		Arnulfo Moreno-Valdez	2016-01-18T18:00:53	CC_BY_4_0	Claudio Cantú Muñiz	Claudio Cantú Muñiz			2026-04-18T06:46:53.967Z		CONTINENT_DERIVED_FROM_COORDINATES;TAXON_ID_NOT_FOUND
1990459189	50c9509d-22c7-4a22-a47d-8c48425ef4a7	https://www.inaturalist.org/observations/18546809	Plantae	Tracheophyta	Pinopsida	Pinales	Podocarpaceae	Podocarpus	Podocarpus matudae		SPECIES	Podocarpus matudae Lundell	Podocarpus matudae		MX		Chiapas	PRESENT		28eb1a3f-1c15-4a95-931a-4af90ecb574d	16.70549	-92.614612	4.0						2018-11-14T14:22	14	11	2018	5285997	5285997	HUMAN_OBSERVATION	iNaturalist	Observations	18546809		Bernardino Villa B.	2018-11-21T23:48:46	CC_BY_4_0	Bernardino Villa B.	Bernardino Villa B.			2026-04-18T08:20:10.916Z	StillImage	COORDINATE_ROUNDED;CONTINENT_DERIVED_FROM_COORDINATES;TAXON_ID_NOT_FOUND
1978424938	50c9509d-22c7-4a22-a47d-8c48425ef4a7	https://www.inaturalist.org/observations/18939961	Plantae	Tracheophyta	Pinopsida	Pinales	Podocarpaceae	Podocarpus	Podocarpus matudae		SPECIES	Podocarpus matudae Lundell	Podocarpus matudae		MX		Tamaulipas	PRESENT		28eb1a3f-1c15-4a95-931a-4af90ecb574d	23.058217	-99.227369	200.0						2008-03-10T12:13	10	3	2008	5285997	5285997	HUMAN_OBSERVATION	iNaturalist	Observations	18939961		dubhealpha	2018-12-11T15:34:25	CC0_1_0	Chuck Sexton	Chuck Sexton			2026-04-18T06:49:26.061Z	StillImage	COORDINATE_ROUNDED;CONTINENT_DERIVED_FROM_COORDINATES;TAXON_ID_NOT_FOUND
1894800372	da42f98d-c846-4328-864e-f4018e3326fb	ff9a979442598ea7d345f3286af2237b	Plantae	Tracheophyta	Pinopsida	Pinales	Podocarpaceae	Podocarpus	Podocarpus matudae		SPECIES	Podocarpus matudae Lundell	Podocarpus matudae	Lundell, 1937	MX	Cerro Blanco	Chiapas	PRESENT	1	ff90b050-c256-11db-b71b-b8a03c50a862	17.237778	-92.932778	90.0		1110.0	1110.0	0.0	0.0	1998-06-23	23	6	1998	5285997	5285997	HUMAN_OBSERVATION			NO DISPONIBLE		NO DISPONIBLE		CC_BY_4_0	Comisión Nacional para el Conocimiento y Uso de la Biodiversidad (CONABIO)	NO DISPONIBLE	NotAType		2025-11-25T09:05:46.380Z		COORDINATE_ROUNDED;GEODETIC_DATUM_ASSUMED_WGS84;CONTINENT_DERIVED_FROM_COORDINATES;ELEVATION_MIN_MAX_SWAPPED;OCCURRENCE_STATUS_INFERRED_FROM_INDIVIDUAL_COUNT;TAXON_ID_NOT_FOUND;SCIENTIFIC_NAME_ID_NOT_FOUND
1894800369	da42f98d-c846-4328-864e-f4018e3326fb	fc4edd5a4081535eae32ec1471eba57e	Plantae	Tracheophyta	Pinopsida	Pinales	Podocarpaceae	Podocarpus	Podocarpus matudae		SPECIES	Podocarpus matudae Lundell	Podocarpus matudae	Lundell, 1937	MX	Cerro Blanco	Chiapas	PRESENT	1	ff90b050-c256-11db-b71b-b8a03c50a862	17.2375	-92.930556	90.0		1125.0	1125.0	0.0	0.0	1998-06-24	24	6	1998	5285997	5285997	HUMAN_OBSERVATION			NO DISPONIBLE		NO DISPONIBLE		CC_BY_4_0	Comisión Nacional para el Conocimiento y Uso de la Biodiversidad (CONABIO)	NO DISPONIBLE	NotAType		2025-11-25T09:05:47.059Z		COORDINATE_ROUNDED;GEODETIC_DATUM_ASSUMED_WGS84;CONTINENT_DERIVED_FROM_COORDINATES;ELEVATION_MIN_MAX_SWAPPED;OCCURRENCE_STATUS_INFERRED_FROM_INDIVIDUAL_COUNT;TAXON_ID_NOT_FOUND;SCIENTIFIC_NAME_ID_NOT_FOUND
1894800367	da42f98d-c846-4328-864e-f4018e3326fb	f83a26cc8dc681ececacc8f86f6ba63c	Plantae	Tracheophyta	Pinopsida	Pinales	Podocarpaceae	Podocarpus	Podocarpus matudae		SPECIES	Podocarpus matudae Lundell	Podocarpus matudae	Lundell, 1937	MX	Cerro Blanco	Chiapas	PRESENT	1	ff90b050-c256-11db-b71b-b8a03c50a862	17.238333	-92.921667	90.0		1135.0	1135.0	0.0	0.0	1998-07-23	23	7	1998	5285997	5285997	HUMAN_OBSERVATION			NO DISPONIBLE		NO DISPONIBLE		CC_BY_4_0	Comisión Nacional para el Conocimiento y Uso de la Biodiversidad (CONABIO)	NO DISPONIBLE	NotAType		2025-11-25T09:05:47.286Z		COORDINATE_ROUNDED;GEODETIC_DATUM_ASSUMED_WGS84;CONTINENT_DERIVED_FROM_COORDINATES;ELEVATION_MIN_MAX_SWAPPED;OCCURRENCE_STATUS_INFERRED_FROM_INDIVIDUAL_COUNT;TAXON_ID_NOT_FOUND;SCIENTIFIC_NAME_ID_NOT_FOUND
1894800365	da42f98d-c846-4328-864e-f4018e3326fb	f36acff05591316865232052044781b8	Plantae	Tracheophyta	Pinopsida	Pinales	Podocarpaceae	Podocarpus	Podocarpus matudae		SPECIES	Podocarpus matudae Lundell	Podocarpus matudae	Lundell, 1937	MX	Cerro Blanco	Chiapas	PRESENT	1	ff90b050-c256-11db-b71b-b8a03c50a862	17.238333	-92.921667	90.0		1135.0	1135.0	0.0	0.0	1998-07-23	23	7	1998	5285997	5285997	HUMAN_OBSERVATION			NO DISPONIBLE		NO DISPONIBLE		CC_BY_4_0	Comisión Nacional para el Conocimiento y Uso de la Biodiversidad (CONABIO)	NO DISPONIBLE	NotAType		2025-11-25T09:05:46.822Z		COORDINATE_ROUNDED;GEODETIC_DATUM_ASSUMED_WGS84;CONTINENT_DERIVED_FROM_COORDINATES;ELEVATION_MIN_MAX_SWAPPED;OCCURRENCE_STATUS_INFERRED_FROM_INDIVIDUAL_COUNT;TAXON_ID_NOT_FOUND;SCIENTIFIC_NAME_ID_NOT_FOUND
1894800363	da42f98d-c846-4328-864e-f4018e3326fb	f01383a8b04fce91d5efc7f5efc68f1c	Plantae	Tracheophyta	Pinopsida	Pinales	Podocarpaceae	Podocarpus	Podocarpus matudae		SPECIES	Podocarpus matudae Lundell	Podocarpus matudae	Lundell, 1937	MX	Cerro Blanco	Chiapas	PRESENT	1	ff90b050-c256-11db-b71b-b8a03c50a862	17.238333	-92.921667	90.0		1135.0	1135.0	0.0	0.0	1998-07-23	23	7	1998	5285997	5285997	HUMAN_OBSERVATION			NO DISPONIBLE		NO DISPONIBLE		CC_BY_4_0	Comisión Nacional para el Conocimiento y Uso de la Biodiversidad (CONABIO)	NO DISPONIBLE	NotAType		2025-11-25T09:05:47.194Z		COORDINATE_ROUNDED;GEODETIC_DATUM_ASSUMED_WGS84;CONTINENT_DERIVED_FROM_COORDINATES;ELEVATION_MIN_MAX_SWAPPED;OCCURRENCE_STATUS_INFERRED_FROM_INDIVIDUAL_COUNT;TAXON_ID_NOT_FOUND;SCIENTIFIC_NAME_ID_NOT_FOUND
1894800361	da42f98d-c846-4328-864e-f4018e3326fb	eed21103cb0e0ea12c3a275771963756	Plantae	Tracheophyta	Pinopsida	Pinales	Podocarpaceae	Podocarpus	Podocarpus matudae		SPECIES	Podocarpus matudae Lundell	Podocarpus matudae	Lundell, 1937	MX	Cerro Blanco	Chiapas	PRESENT	1	ff90b050-c256-11db-b71b-b8a03c50a862	17.237778	-92.924722	90.0		1125.0	1125.0	0.0	0.0	1998-07-22	22	7	1998	5285997	5285997	HUMAN_OBSERVATION			NO DISPONIBLE		NO DISPONIBLE		CC_BY_4_0	Comisión Nacional para el Conocimiento y Uso de la Biodiversidad (CONABIO)	NO DISPONIBLE	NotAType		2025-11-25T09:05:47.085Z		COORDINATE_ROUNDED;GEODETIC_DATUM_ASSUMED_WGS84;CONTINENT_DERIVED_FROM_COORDINATES;ELEVATION_MIN_MAX_SWAPPED;OCCURRENCE_STATUS_INFERRED_FROM_INDIVIDUAL_COUNT;TAXON_ID_NOT_FOUND;SCIENTIFIC_NAME_ID_NOT_FOUND
1894800358	da42f98d-c846-4328-864e-f4018e3326fb	ea9fd7f6567b2712ae6ebbcb3b9cd2bf	Plantae	Tracheophyta	Pinopsida	Pinales	Podocarpaceae	Podocarpus	Podocarpus matudae		SPECIES	Podocarpus matudae Lundell	Podocarpus matudae	Lundell, 1937	MX	Cerro Blanco	Chiapas	PRESENT	1	ff90b050-c256-11db-b71b-b8a03c50a862	17.238333	-92.921667	90.0		1135.0	1135.0	0.0	0.0	1998-07-23	23	7	1998	5285997	5285997	HUMAN_OBSERVATION			NO DISPONIBLE		NO DISPONIBLE		CC_BY_4_0	Comisión Nacional para el Conocimiento y Uso de la Biodiversidad (CONABIO)	NO DISPONIBLE	NotAType		2025-11-25T09:05:47.186Z		COORDINATE_ROUNDED;GEODETIC_DATUM_ASSUMED_WGS84;CONTINENT_DERIVED_FROM_COORDINATES;ELEVATION_MIN_MAX_SWAPPED;OCCURRENCE_STATUS_INFERRED_FROM_INDIVIDUAL_COUNT;TAXON_ID_NOT_FOUND;SCIENTIFIC_NAME_ID_NOT_FOUND
1894800355	da42f98d-c846-4328-864e-f4018e3326fb	e8c58430bcddccc31c56d28e8e871528	Plantae	Tracheophyta	Pinopsida	Pinales	Podocarpaceae	Podocarpus	Podocarpus matudae		SPECIES	Podocarpus matudae Lundell	Podocarpus matudae	Lundell, 1937	MX	La Yerbabuena	Chiapas	PRESENT	1	ff90b050-c256-11db-b71b-b8a03c50a862	17.188056	-92.9	90.0		1050.0	1050.0	0.0	0.0	1997-10-31	31	10	1997	5285997	5285997	HUMAN_OBSERVATION			NO DISPONIBLE		NO DISPONIBLE		CC_BY_4_0	Comisión Nacional para el Conocimiento y Uso de la Biodiversidad (CONABIO)	NO DISPONIBLE	NotAType		2025-11-25T09:05:47.219Z		COORDINATE_ROUNDED;GEODETIC_DATUM_ASSUMED_WGS84;CONTINENT_DERIVED_FROM_COORDINATES;ELEVATION_MIN_MAX_SWAPPED;OCCURRENCE_STATUS_INFERRED_FROM_INDIVIDUAL_COUNT;TAXON_ID_NOT_FOUND;SCIENTIFIC_NAME_ID_NOT_FOUND
1894800352	da42f98d-c846-4328-864e-f4018e3326fb	e626c045e6217759845ca4720c093c52	Plantae	Tracheophyta	Pinopsida	Pinales	Podocarpaceae	Podocarpus	Podocarpus matudae		SPECIES	Podocarpus matudae Lundell	Podocarpus matudae	Lundell, 1937	MX	El Tanque	Chiapas	PRESENT	1	ff90b050-c256-11db-b71b-b8a03c50a862	17.188889	-92.9	90.0		1095.0	1095.0	0.0	0.0	1998-01-16	16	1	1998	5285997	5285997	HUMAN_OBSERVATION			NO DISPONIBLE		NO DISPONIBLE		CC_BY_4_0	Comisión Nacional para el Conocimiento y Uso de la Biodiversidad (CONABIO)	NO DISPONIBLE	NotAType		2025-11-25T09:05:47.457Z		COORDINATE_ROUNDED;GEODETIC_DATUM_ASSUMED_WGS84;CONTINENT_DERIVED_FROM_COORDINATES;ELEVATION_MIN_MAX_SWAPPED;OCCURRENCE_STATUS_INFERRED_FROM_INDIVIDUAL_COUNT;TAXON_ID_NOT_FOUND;SCIENTIFIC_NAME_ID_NOT_FOUND
1894800349	da42f98d-c846-4328-864e-f4018e3326fb	e3f039bbb111127dcbb39566f5ea56ec	Plantae	Tracheophyta	Pinopsida	Pinales	Podocarpaceae	Podocarpus	Podocarpus matudae		SPECIES	Podocarpus matudae Lundell	Podocarpus matudae	Lundell, 1937	MX	Cerro Blanco	Chiapas	PRESENT	1	ff90b050-c256-11db-b71b-b8a03c50a862	17.237778	-92.924722	90.0		1125.0	1125.0	0.0	0.0	1998-07-22	22	7	1998	5285997	5285997	HUMAN_OBSERVATION			NO DISPONIBLE		NO DISPONIBLE		CC_BY_4_0	Comisión Nacional para el Conocimiento y Uso de la Biodiversidad (CONABIO)	NO DISPONIBLE	NotAType		2025-11-25T09:05:47.423Z		COORDINATE_ROUNDED;GEODETIC_DATUM_ASSUMED_WGS84;CONTINENT_DERIVED_FROM_COORDINATES;ELEVATION_MIN_MAX_SWAPPED;OCCURRENCE_STATUS_INFERRED_FROM_INDIVIDUAL_COUNT;TAXON_ID_NOT_FOUND;SCIENTIFIC_NAME_ID_NOT_FOUND
1894800346	da42f98d-c846-4328-864e-f4018e3326fb	e2d6d93df6adebed4f8668552ddd9f92	Plantae	Tracheophyta	Pinopsida	Pinales	Podocarpaceae	Podocarpus	Podocarpus matudae		SPECIES	Podocarpus matudae Lundell	Podocarpus matudae	Lundell, 1937	MX	La Yerbabuena	Chiapas	PRESENT	1	ff90b050-c256-11db-b71b-b8a03c50a862	17.187222	-92.898611	90.0		1060.0	1060.0	0.0	0.0	1997-10-29	29	10	1997	5285997	5285997	HUMAN_OBSERVATION			NO DISPONIBLE		NO DISPONIBLE		CC_BY_4_0	Comisión Nacional para el Conocimiento y Uso de la Biodiversidad (CONABIO)	NO DISPONIBLE	NotAType		2025-11-25T09:05:47.348Z		COORDINATE_ROUNDED;GEODETIC_DATUM_ASSUMED_WGS84;CONTINENT_DERIVED_FROM_COORDINATES;ELEVATION_MIN_MAX_SWAPPED;OCCURRENCE_STATUS_INFERRED_FROM_INDIVIDUAL_COUNT;TAXON_ID_NOT_FOUND;SCIENTIFIC_NAME_ID_NOT_FOUND
1894800344	da42f98d-c846-4328-864e-f4018e3326fb	e08efe8cddcf2859c370da17bfa19654	Plantae	Tracheophyta	Pinopsida	Pinales	Podocarpaceae	Podocarpus	Podocarpus matudae		SPECIES	Podocarpus matudae Lundell	Podocarpus matudae	Lundell, 1937	MX	Cerro Blanco	Chiapas	PRESENT	1	ff90b050-c256-11db-b71b-b8a03c50a862	17.238889	-92.924722	90.0		1145.0	1145.0	0.0	0.0	1998-07-21	21	7	1998	5285997	5285997	HUMAN_OBSERVATION			NO DISPONIBLE		NO DISPONIBLE		CC_BY_4_0	Comisión Nacional para el Conocimiento y Uso de la Biodiversidad (CONABIO)	NO DISPONIBLE	NotAType		2025-11-25T09:05:47.423Z		COORDINATE_ROUNDED;GEODETIC_DATUM_ASSUMED_WGS84;CONTINENT_DERIVED_FROM_COORDINATES;ELEVATION_MIN_MAX_SWAPPED;OCCURRENCE_STATUS_INFERRED_FROM_INDIVIDUAL_COUNT;TAXON_ID_NOT_FOUND;SCIENTIFIC_NAME_ID_NOT_FOUND
1894800341	da42f98d-c846-4328-864e-f4018e3326fb	dbbc8cc77079ad114e57acb542cc4838	Plantae	Tracheophyta	Pinopsida	Pinales	Podocarpaceae	Podocarpus	Podocarpus matudae		SPECIES	Podocarpus matudae Lundell	Podocarpus matudae	Lundell, 1937	MX	Cerro Blanco	Chiapas	PRESENT	1	ff90b050-c256-11db-b71b-b8a03c50a862	17.237778	-92.932778	90.0		1110.0	1110.0	0.0	0.0	1998-06-23	23	6	1998	5285997	5285997	HUMAN_OBSERVATION			NO DISPONIBLE		NO DISPONIBLE		CC_BY_4_0	Comisión Nacional para el Conocimiento y Uso de la Biodiversidad (CONABIO)	NO DISPONIBLE	NotAType		2025-11-25T09:05:47.166Z		COORDINATE_ROUNDED;GEODETIC_DATUM_ASSUMED_WGS84;CONTINENT_DERIVED_FROM_COORDINATES;ELEVATION_MIN_MAX_SWAPPED;OCCURRENCE_STATUS_INFERRED_FROM_INDIVIDUAL_COUNT;TAXON_ID_NOT_FOUND;SCIENTIFIC_NAME_ID_NOT_FOUND
1894800338	da42f98d-c846-4328-864e-f4018e3326fb	d96f09539a8ce3484245d077d432da5b	Plantae	Tracheophyta	Pinopsida	Pinales	Podocarpaceae	Podocarpus	Podocarpus matudae		SPECIES	Podocarpus matudae Lundell	Podocarpus matudae	Lundell, 1937	MX	Cerro Blanco	Chiapas	PRESENT	1	ff90b050-c256-11db-b71b-b8a03c50a862	17.238333	-92.921667	90.0		1135.0	1135.0	0.0	0.0	1998-07-23	23	7	1998	5285997	5285997	HUMAN_OBSERVATION			NO DISPONIBLE		NO DISPONIBLE		CC_BY_4_0	Comisión Nacional para el Conocimiento y Uso de la Biodiversidad (CONABIO)	NO DISPONIBLE	NotAType		2025-11-25T09:05:47.192Z		COORDINATE_ROUNDED;GEODETIC_DATUM_ASSUMED_WGS84;CONTINENT_DERIVED_FROM_COORDINATES;ELEVATION_MIN_MAX_SWAPPED;OCCURRENCE_STATUS_INFERRED_FROM_INDIVIDUAL_COUNT;TAXON_ID_NOT_FOUND;SCIENTIFIC_NAME_ID_NOT_FOUND
1894800335	da42f98d-c846-4328-864e-f4018e3326fb	d79fb364a9ad83a2c0b4e8784e1724f8	Plantae	Tracheophyta	Pinopsida	Pinales	Podocarpaceae	Podocarpus	Podocarpus matudae		SPECIES	Podocarpus matudae Lundell	Podocarpus matudae	Lundell, 1937	MX	La Yerbabuena	Chiapas	PRESENT	1	ff90b050-c256-11db-b71b-b8a03c50a862	17.188056	-92.9	90.0		1050.0	1050.0	0.0	0.0	1997-10-31	31	10	1997	5285997	5285997	HUMAN_OBSERVATION			NO DISPONIBLE		NO DISPONIBLE		CC_BY_4_0	Comisión Nacional para el Conocimiento y Uso de la Biodiversidad (CONABIO)	NO DISPONIBLE	NotAType		2025-11-25T09:05:46.807Z		COORDINATE_ROUNDED;GEODETIC_DATUM_ASSUMED_WGS84;CONTINENT_DERIVED_FROM_COORDINATES;ELEVATION_MIN_MAX_SWAPPED;OCCURRENCE_STATUS_INFERRED_FROM_INDIVIDUAL_COUNT;TAXON_ID_NOT_FOUND;SCIENTIFIC_NAME_ID_NOT_FOUND
1894800333	da42f98d-c846-4328-864e-f4018e3326fb	d64446d15195fc387a695751cf22d3f5	Plantae	Tracheophyta	Pinopsida	Pinales	Podocarpaceae	Podocarpus	Podocarpus matudae		SPECIES	Podocarpus matudae Lundell	Podocarpus matudae	Lundell, 1937	MX	Cerro Blanco	Chiapas	PRESENT	1	ff90b050-c256-11db-b71b-b8a03c50a862	17.237778	-92.924722	90.0		1125.0	1125.0	0.0	0.0	1998-07-22	22	7	1998	5285997	5285997	HUMAN_OBSERVATION			NO DISPONIBLE		NO DISPONIBLE		CC_BY_4_0	Comisión Nacional para el Conocimiento y Uso de la Biodiversidad (CONABIO)	NO DISPONIBLE	NotAType		2025-11-25T09:05:47.403Z		COORDINATE_ROUNDED;GEODETIC_DATUM_ASSUMED_WGS84;CONTINENT_DERIVED_FROM_COORDINATES;ELEVATION_MIN_MAX_SWAPPED;OCCURRENCE_STATUS_INFERRED_FROM_INDIVIDUAL_COUNT;TAXON_ID_NOT_FOUND;SCIENTIFIC_NAME_ID_NOT_FOUND
1894800330	da42f98d-c846-4328-864e-f4018e3326fb	d5517aa9d5188da3bf6cc30dfcd8228b	Plantae	Tracheophyta	Pinopsida	Pinales	Podocarpaceae	Podocarpus	Podocarpus matudae		SPECIES	Podocarpus matudae Lundell	Podocarpus matudae	Lundell, 1937	MX	La Yerbabuena	Chiapas	PRESENT	1	ff90b050-c256-11db-b71b-b8a03c50a862	17.187222	-92.897222	90.0		1040.0	1040.0	0.0	0.0	1997-10-29	29	10	1997	5285997	5285997	HUMAN_OBSERVATION			NO DISPONIBLE		NO DISPONIBLE		CC_BY_4_0	Comisión Nacional para el Conocimiento y Uso de la Biodiversidad (CONABIO)	NO DISPONIBLE	NotAType		2025-11-25T09:05:47.090Z		COORDINATE_ROUNDED;GEODETIC_DATUM_ASSUMED_WGS84;CONTINENT_DERIVED_FROM_COORDINATES;ELEVATION_MIN_MAX_SWAPPED;OCCURRENCE_STATUS_INFERRED_FROM_INDIVIDUAL_COUNT;TAXON_ID_NOT_FOUND;SCIENTIFIC_NAME_ID_NOT_FOUND
1894800327	da42f98d-c846-4328-864e-f4018e3326fb	cf4069428e049042da23b6eff9e46943	Plantae	Tracheophyta	Pinopsida	Pinales	Podocarpaceae	Podocarpus	Podocarpus matudae		SPECIES	Podocarpus matudae Lundell	Podocarpus matudae	Lundell, 1937	MX	La Yerbabuena	Chiapas	PRESENT	1	ff90b050-c256-11db-b71b-b8a03c50a862	17.188333	-92.897222	90.0		1055.0	1055.0	0.0	0.0	1997-10-30	30	10	1997	5285997	5285997	HUMAN_OBSERVATION			NO DISPONIBLE		NO DISPONIBLE		CC_BY_4_0	Comisión Nacional para el Conocimiento y Uso de la Biodiversidad (CONABIO)	NO DISPONIBLE	NotAType		2025-11-25T09:05:46.869Z		COORDINATE_ROUNDED;GEODETIC_DATUM_ASSUMED_WGS84;CONTINENT_DERIVED_FROM_COORDINATES;ELEVATION_MIN_MAX_SWAPPED;OCCURRENCE_STATUS_INFERRED_FROM_INDIVIDUAL_COUNT;TAXON_ID_NOT_FOUND;SCIENTIFIC_NAME_ID_NOT_FOUND
1894800324	da42f98d-c846-4328-864e-f4018e3326fb	cdecb7538b4a268ee1f787e366c65e44	Plantae	Tracheophyta	Pinopsida	Pinales	Podocarpaceae	Podocarpus	Podocarpus matudae		SPECIES	Podocarpus matudae Lundell	Podocarpus matudae	Lundell, 1937	MX	Cerro Blanco	Chiapas	PRESENT	1	ff90b050-c256-11db-b71b-b8a03c50a862	17.2375	-92.930556	90.0		1125.0	1125.0	0.0	0.0	1998-06-24	24	6	1998	5285997	5285997	HUMAN_OBSERVATION			NO DISPONIBLE		NO DISPONIBLE		CC_BY_4_0	Comisión Nacional para el Conocimiento y Uso de la Biodiversidad (CONABIO)	NO DISPONIBLE	NotAType		2025-11-25T09:05:47.364Z		COORDINATE_ROUNDED;GEODETIC_DATUM_ASSUMED_WGS84;CONTINENT_DERIVED_FROM_COORDINATES;ELEVATION_MIN_MAX_SWAPPED;OCCURRENCE_STATUS_INFERRED_FROM_INDIVIDUAL_COUNT;TAXON_ID_NOT_FOUND;SCIENTIFIC_NAME_ID_NOT_FOUND
1894800321	da42f98d-c846-4328-864e-f4018e3326fb	cdb02b6c6af1352904e963debcff2408	Plantae	Tracheophyta	Pinopsida	Pinales	Podocarpaceae	Podocarpus	Podocarpus matudae		SPECIES	Podocarpus matudae Lundell	Podocarpus matudae	Lundell, 1937	MX	Cerro Blanco	Chiapas	PRESENT	1	ff90b050-c256-11db-b71b-b8a03c50a862	17.238889	-92.924722	90.0		1145.0	1145.0	0.0	0.0	1998-07-21	21	7	1998	5285997	5285997	HUMAN_OBSERVATION			NO DISPONIBLE		NO DISPONIBLE		CC_BY_4_0	Comisión Nacional para el Conocimiento y Uso de la Biodiversidad (CONABIO)	NO DISPONIBLE	NotAType		2025-11-25T09:05:47.435Z		COORDINATE_ROUNDED;GEODETIC_DATUM_ASSUMED_WGS84;CONTINENT_DERIVED_FROM_COORDINATES;ELEVATION_MIN_MAX_SWAPPED;OCCURRENCE_STATUS_INFERRED_FROM_INDIVIDUAL_COUNT;TAXON_ID_NOT_FOUND;SCIENTIFIC_NAME_ID_NOT_FOUND
1894800319	da42f98d-c846-4328-864e-f4018e3326fb	cd8f27379831256237707770b90720ec	Plantae	Tracheophyta	Pinopsida	Pinales	Podocarpaceae	Podocarpus	Podocarpus matudae		SPECIES	Podocarpus matudae Lundell	Podocarpus matudae	Lundell, 1937	MX	Cerro Blanco	Chiapas	PRESENT	1	ff90b050-c256-11db-b71b-b8a03c50a862	17.238333	-92.921667	90.0		1135.0	1135.0	0.0	0.0	1998-07-23	23	7	1998	5285997	5285997	HUMAN_OBSERVATION			NO DISPONIBLE		NO DISPONIBLE		CC_BY_4_0	Comisión Nacional para el Conocimiento y Uso de la Biodiversidad (CONABIO)	NO DISPONIBLE	NotAType		2025-11-25T09:05:46.656Z		COORDINATE_ROUNDED;GEODETIC_DATUM_ASSUMED_WGS84;CONTINENT_DERIVED_FROM_COORDINATES;ELEVATION_MIN_MAX_SWAPPED;OCCURRENCE_STATUS_INFERRED_FROM_INDIVIDUAL_COUNT;TAXON_ID_NOT_FOUND;SCIENTIFIC_NAME_ID_NOT_FOUND
1894800318	da42f98d-c846-4328-864e-f4018e3326fb	cd4b360ac8eb5d0a9c102a8beb6101d5	Plantae	Tracheophyta	Pinopsida	Pinales	Podocarpaceae	Podocarpus	Podocarpus matudae		SPECIES	Podocarpus matudae Lundell	Podocarpus matudae	Lundell, 1937	MX	Cerro Blanco	Chiapas	PRESENT	1	ff90b050-c256-11db-b71b-b8a03c50a862	17.238333	-92.921667	90.0		1135.0	1135.0	0.0	0.0	1998-07-23	23	7	1998	5285997	5285997	HUMAN_OBSERVATION			NO DISPONIBLE		NO DISPONIBLE		CC_BY_4_0	Comisión Nacional para el Conocimiento y Uso de la Biodiversidad (CONABIO)	NO DISPONIBLE	NotAType		2025-11-25T09:05:46.380Z		COORDINATE_ROUNDED;GEODETIC_DATUM_ASSUMED_WGS84;CONTINENT_DERIVED_FROM_COORDINATES;ELEVATION_MIN_MAX_SWAPPED;OCCURRENCE_STATUS_INFERRED_FROM_INDIVIDUAL_COUNT;TAXON_ID_NOT_FOUND;SCIENTIFIC_NAME_ID_NOT_FOUND
1894800317	da42f98d-c846-4328-864e-f4018e3326fb	5ea7d40e93a4ae0efafc8d436a95e077	Plantae	Tracheophyta	Pinopsida	Pinales	Podocarpaceae	Podocarpus	Podocarpus matudae		SPECIES	Podocarpus matudae Lundell	Podocarpus matudae	Lundell, 1937	MX	Cerro Blanco	Chiapas	PRESENT	1	ff90b050-c256-11db-b71b-b8a03c50a862	17.237778	-92.932778	90.0		1110.0	1110.0	0.0	0.0	1998-06-23	23	6	1998	5285997	5285997	HUMAN_OBSERVATION			NO DISPONIBLE		NO DISPONIBLE		CC_BY_4_0	Comisión Nacional para el Conocimiento y Uso de la Biodiversidad (CONABIO)	NO DISPONIBLE	NotAType		2025-11-25T09:05:46.588Z		COORDINATE_ROUNDED;GEODETIC_DATUM_ASSUMED_WGS84;CONTINENT_DERIVED_FROM_COORDINATES;ELEVATION_MIN_MAX_SWAPPED;OCCURRENCE_STATUS_INFERRED_FROM_INDIVIDUAL_COUNT;TAXON_ID_NOT_FOUND;SCIENTIFIC_NAME_ID_NOT_FOUND
1894800316	da42f98d-c846-4328-864e-f4018e3326fb	c964cddaaee7cef77ffc7a1e9dbab484	Plantae	Tracheophyta	Pinopsida	Pinales	Podocarpaceae	Podocarpus	Podocarpus matudae		SPECIES	Podocarpus matudae Lundell	Podocarpus matudae	Lundell, 1937	MX	La Yerbabuena	Chiapas	PRESENT	1	ff90b050-c256-11db-b71b-b8a03c50a862	17.188333	-92.897222	90.0		1055.0	1055.0	0.0	0.0	1997-10-30	30	10	1997	5285997	5285997	HUMAN_OBSERVATION			NO DISPONIBLE		NO DISPONIBLE		CC_BY_4_0	Comisión Nacional para el Conocimiento y Uso de la Biodiversidad (CONABIO)	NO DISPONIBLE	NotAType		2025-11-25T09:05:47.230Z		COORDINATE_ROUNDED;GEODETIC_DATUM_ASSUMED_WGS84;CONTINENT_DERIVED_FROM_COORDINATES;ELEVATION_MIN_MAX_SWAPPED;OCCURRENCE_STATUS_INFERRED_FROM_INDIVIDUAL_COUNT;TAXON_ID_NOT_FOUND;SCIENTIFIC_NAME_ID_NOT_FOUND
1894800315	da42f98d-c846-4328-864e-f4018e3326fb	5ce169d461ba853078180e8e297b4dce	Plantae	Tracheophyta	Pinopsida	Pinales	Podocarpaceae	Podocarpus	Podocarpus matudae		SPECIES	Podocarpus matudae Lundell	Podocarpus matudae	Lundell, 1937	MX	Cerro Blanco	Chiapas	PRESENT	1	ff90b050-c256-11db-b71b-b8a03c50a862	17.238333	-92.921667	90.0		1135.0	1135.0	0.0	0.0	1998-07-23	23	7	1998	5285997	5285997	HUMAN_OBSERVATION			NO DISPONIBLE		NO DISPONIBLE		CC_BY_4_0	Comisión Nacional para el Conocimiento y Uso de la Biodiversidad (CONABIO)	NO DISPONIBLE	NotAType		2025-11-25T09:05:47.435Z		COORDINATE_ROUNDED;GEODETIC_DATUM_ASSUMED_WGS84;CONTINENT_DERIVED_FROM_COORDINATES;ELEVATION_MIN_MAX_SWAPPED;OCCURRENCE_STATUS_INFERRED_FROM_INDIVIDUAL_COUNT;TAXON_ID_NOT_FOUND;SCIENTIFIC_NAME_ID_NOT_FOUND
1894800314	da42f98d-c846-4328-864e-f4018e3326fb	c35a8284eb727086f642448eb88c6a05	Plantae	Tracheophyta	Pinopsida	Pinales	Podocarpaceae	Podocarpus	Podocarpus matudae		SPECIES	Podocarpus matudae Lundell	Podocarpus matudae	Lundell, 1937	MX	Cerro Blanco	Chiapas	PRESENT	1	ff90b050-c256-11db-b71b-b8a03c50a862	17.238333	-92.921667	90.0		1135.0	1135.0	0.0	0.0	1998-07-23	23	7	1998	5285997	5285997	HUMAN_OBSERVATION			NO DISPONIBLE		NO DISPONIBLE		CC_BY_4_0	Comisión Nacional para el Conocimiento y Uso de la Biodiversidad (CONABIO)	NO DISPONIBLE	NotAType		2025-11-25T09:05:46.851Z		COORDINATE_ROUNDED;GEODETIC_DATUM_ASSUMED_WGS84;CONTINENT_DERIVED_FROM_COORDINATES;ELEVATION_MIN_MAX_SWAPPED;OCCURRENCE_STATUS_INFERRED_FROM_INDIVIDUAL_COUNT;TAXON_ID_NOT_FOUND;SCIENTIFIC_NAME_ID_NOT_FOUND
1894800313	da42f98d-c846-4328-864e-f4018e3326fb	5c64c543598b43e6fe9dbf194388a6ce	Plantae	Tracheophyta	Pinopsida	Pinales	Podocarpaceae	Podocarpus	Podocarpus matudae		SPECIES	Podocarpus matudae Lundell	Podocarpus matudae	Lundell, 1937	MX	El Tanque	Chiapas	PRESENT	1	ff90b050-c256-11db-b71b-b8a03c50a862	17.188889	-92.9	90.0		1095.0	1095.0	0.0	0.0	1998-01-16	16	1	1998	5285997	5285997	HUMAN_OBSERVATION			NO DISPONIBLE		NO DISPONIBLE		CC_BY_4_0	Comisión Nacional para el Conocimiento y Uso de la Biodiversidad (CONABIO)	NO DISPONIBLE	NotAType		2025-11-25T09:05:46.807Z		COORDINATE_ROUNDED;GEODETIC_DATUM_ASSUMED_WGS84;CONTINENT_DERIVED_FROM_COORDINATES;ELEVATION_MIN_MAX_SWAPPED;OCCURRENCE_STATUS_INFERRED_FROM_INDIVIDUAL_COUNT;TAXON_ID_NOT_FOUND;SCIENTIFIC_NAME_ID_NOT_FOUND
1894800312	da42f98d-c846-4328-864e-f4018e3326fb	c1bebbfd1aa5b7cfe4d061802ff5df14	Plantae	Tracheophyta	Pinopsida	Pinales	Podocarpaceae	Podocarpus	Podocarpus matudae		SPECIES	Podocarpus matudae Lundell	Podocarpus matudae	Lundell, 1937	MX	Cerro Blanco	Chiapas	PRESENT	1	ff90b050-c256-11db-b71b-b8a03c50a862	17.238333	-92.921667	90.0		1135.0	1135.0	0.0	0.0	1998-07-23	23	7	1998	5285997	5285997	HUMAN_OBSERVATION			NO DISPONIBLE		NO DISPONIBLE		CC_BY_4_0	Comisión Nacional para el Conocimiento y Uso de la Biodiversidad (CONABIO)	NO DISPONIBLE	NotAType		2025-11-25T09:05:46.806Z		COORDINATE_ROUNDED;GEODETIC_DATUM_ASSUMED_WGS84;CONTINENT_DERIVED_FROM_COORDINATES;ELEVATION_MIN_MAX_SWAPPED;OCCURRENCE_STATUS_INFERRED_FROM_INDIVIDUAL_COUNT;TAXON_ID_NOT_FOUND;SCIENTIFIC_NAME_ID_NOT_FOUND
1894800311	da42f98d-c846-4328-864e-f4018e3326fb	bef5faf0fa843dc1522abd6d6c62c45d	Plantae	Tracheophyta	Pinopsida	Pinales	Podocarpaceae	Podocarpus	Podocarpus matudae		SPECIES	Podocarpus matudae Lundell	Podocarpus matudae	Lundell, 1937	MX	Cerro Blanco	Chiapas	PRESENT	1	ff90b050-c256-11db-b71b-b8a03c50a862	17.238333	-92.921667	90.0		1135.0	1135.0	0.0	0.0	1998-07-23	23	7	1998	5285997	5285997	HUMAN_OBSERVATION			NO DISPONIBLE		NO DISPONIBLE		CC_BY_4_0	Comisión Nacional para el Conocimiento y Uso de la Biodiversidad (CONABIO)	NO DISPONIBLE	NotAType		2025-11-25T09:05:46.750Z		COORDINATE_ROUNDED;GEODETIC_DATUM_ASSUMED_WGS84;CONTINENT_DERIVED_FROM_COORDINATES;ELEVATION_MIN_MAX_SWAPPED;OCCURRENCE_STATUS_INFERRED_FROM_INDIVIDUAL_COUNT;TAXON_ID_NOT_FOUND;SCIENTIFIC_NAME_ID_NOT_FOUND
1894800310	da42f98d-c846-4328-864e-f4018e3326fb	5c2f6d57ff3f9342a3c46965fe4c72b5	Plantae	Tracheophyta	Pinopsida	Pinales	Podocarpaceae	Podocarpus	Podocarpus matudae		SPECIES	Podocarpus matudae Lundell	Podocarpus matudae	Lundell, 1937	MX	Cerro Blanco	Chiapas	PRESENT	1	ff90b050-c256-11db-b71b-b8a03c50a862	17.237778	-92.924722	90.0		1125.0	1125.0	0.0	0.0	1998-07-22	22	7	1998	5285997	5285997	HUMAN_OBSERVATION			NO DISPONIBLE		NO DISPONIBLE		CC_BY_4_0	Comisión Nacional para el Conocimiento y Uso de la Biodiversidad (CONABIO)	NO DISPONIBLE	NotAType		2025-11-25T09:05:47.027Z		COORDINATE_ROUNDED;GEODETIC_DATUM_ASSUMED_WGS84;CONTINENT_DERIVED_FROM_COORDINATES;ELEVATION_MIN_MAX_SWAPPED;OCCURRENCE_STATUS_INFERRED_FROM_INDIVIDUAL_COUNT;TAXON_ID_NOT_FOUND;SCIENTIFIC_NAME_ID_NOT_FOUND
1894800309	da42f98d-c846-4328-864e-f4018e3326fb	bbec6677375bd4f5bd8fbfe3538b93be	Plantae	Tracheophyta	Pinopsida	Pinales	Podocarpaceae	Podocarpus	Podocarpus matudae		SPECIES	Podocarpus matudae Lundell	Podocarpus matudae	Lundell, 1937	MX	Cerro Blanco	Chiapas	PRESENT	1	ff90b050-c256-11db-b71b-b8a03c50a862	17.238333	-92.931944	90.0		1145.0	1145.0	0.0	0.0	1998-06-25	25	6	1998	5285997	5285997	HUMAN_OBSERVATION			NO DISPONIBLE		NO DISPONIBLE		CC_BY_4_0	Comisión Nacional para el Conocimiento y Uso de la Biodiversidad (CONABIO)	NO DISPONIBLE	NotAType		2025-11-25T09:05:46.396Z		COORDINATE_ROUNDED;GEODETIC_DATUM_ASSUMED_WGS84;CONTINENT_DERIVED_FROM_COORDINATES;ELEVATION_MIN_MAX_SWAPPED;OCCURRENCE_STATUS_INFERRED_FROM_INDIVIDUAL_COUNT;TAXON_ID_NOT_FOUND;SCIENTIFIC_NAME_ID_NOT_FOUND
1894800308	da42f98d-c846-4328-864e-f4018e3326fb	57fa20b9edc5701c78fd2b85c396fa91	Plantae	Tracheophyta	Pinopsida	Pinales	Podocarpaceae	Podocarpus	Podocarpus matudae		SPECIES	Podocarpus matudae Lundell	Podocarpus matudae	Lundell, 1937	MX	Cerro Blanco	Chiapas	PRESENT	1	ff90b050-c256-11db-b71b-b8a03c50a862	17.238333	-92.921667	90.0		1135.0	1135.0	0.0	0.0	1998-07-23	23	7	1998	5285997	5285997	HUMAN_OBSERVATION			NO DISPONIBLE		NO DISPONIBLE		CC_BY_4_0	Comisión Nacional para el Conocimiento y Uso de la Biodiversidad (CONABIO)	NO DISPONIBLE	NotAType		2025-11-25T09:05:47.073Z		COORDINATE_ROUNDED;GEODETIC_DATUM_ASSUMED_WGS84;CONTINENT_DERIVED_FROM_COORDINATES;ELEVATION_MIN_MAX_SWAPPED;OCCURRENCE_STATUS_INFERRED_FROM_INDIVIDUAL_COUNT;TAXON_ID_NOT_FOUND;SCIENTIFIC_NAME_ID_NOT_FOUND
1894800307	da42f98d-c846-4328-864e-f4018e3326fb	b6f18b41c8078286d13936ccd24602c8	Plantae	Tracheophyta	Pinopsida	Pinales	Podocarpaceae	Podocarpus	Podocarpus matudae		SPECIES	Podocarpus matudae Lundell	Podocarpus matudae	Lundell, 1937	MX	La Yerbabuena	Chiapas	PRESENT	1	ff90b050-c256-11db-b71b-b8a03c50a862	17.187222	-92.896667	90.0		1040.0	1040.0	0.0	0.0	1997-10-30	30	10	1997	5285997	5285997	HUMAN_OBSERVATION			NO DISPONIBLE		NO DISPONIBLE		CC_BY_4_0	Comisión Nacional para el Conocimiento y Uso de la Biodiversidad (CONABIO)	NO DISPONIBLE	NotAType		2025-11-25T09:05:47.315Z		COORDINATE_ROUNDED;GEODETIC_DATUM_ASSUMED_WGS84;CONTINENT_DERIVED_FROM_COORDINATES;ELEVATION_MIN_MAX_SWAPPED;OCCURRENCE_STATUS_INFERRED_FROM_INDIVIDUAL_COUNT;TAXON_ID_NOT_FOUND;SCIENTIFIC_NAME_ID_NOT_FOUND
1894800306	da42f98d-c846-4328-864e-f4018e3326fb	535bb343ecfc499dcf3c08df42199eb7	Plantae	Tracheophyta	Pinopsida	Pinales	Podocarpaceae	Podocarpus	Podocarpus matudae		SPECIES	Podocarpus matudae Lundell	Podocarpus matudae	Lundell, 1937	MX	Cerro Blanco	Chiapas	PRESENT	2	ff90b050-c256-11db-b71b-b8a03c50a862	17.238889	-92.924722	90.0		1145.0	1145.0	0.0	0.0	1998-07-21	21	7	1998	5285997	5285997	HUMAN_OBSERVATION			NO DISPONIBLE		NO DISPONIBLE		CC_BY_4_0	Comisión Nacional para el Conocimiento y Uso de la Biodiversidad (CONABIO)	NO DISPONIBLE	NotAType		2025-11-25T09:05:47.108Z		COORDINATE_ROUNDED;GEODETIC_DATUM_ASSUMED_WGS84;CONTINENT_DERIVED_FROM_COORDINATES;ELEVATION_MIN_MAX_SWAPPED;OCCURRENCE_STATUS_INFERRED_FROM_INDIVIDUAL_COUNT;TAXON_ID_NOT_FOUND;SCIENTIFIC_NAME_ID_NOT_FOUND
1894800305	da42f98d-c846-4328-864e-f4018e3326fb	b435b6003142e29cd86e0492fd808bae	Plantae	Tracheophyta	Pinopsida	Pinales	Podocarpaceae	Podocarpus	Podocarpus matudae		SPECIES	Podocarpus matudae Lundell	Podocarpus matudae	Lundell, 1937	MX	La Yerbabuena	Chiapas	PRESENT	1	ff90b050-c256-11db-b71b-b8a03c50a862	17.187222	-92.897222	90.0		1040.0	1040.0	0.0	0.0	1997-10-29	29	10	1997	5285997	5285997	HUMAN_OBSERVATION			NO DISPONIBLE		NO DISPONIBLE		CC_BY_4_0	Comisión Nacional para el Conocimiento y Uso de la Biodiversidad (CONABIO)	NO DISPONIBLE	NotAType		2025-11-25T09:05:46.930Z		COORDINATE_ROUNDED;GEODETIC_DATUM_ASSUMED_WGS84;CONTINENT_DERIVED_FROM_COORDINATES;ELEVATION_MIN_MAX_SWAPPED;OCCURRENCE_STATUS_INFERRED_FROM_INDIVIDUAL_COUNT;TAXON_ID_NOT_FOUND;SCIENTIFIC_NAME_ID_NOT_FOUND
1894800304	da42f98d-c846-4328-864e-f4018e3326fb	4b19b381c6a79ff752cf636c6ea1291d	Plantae	Tracheophyta	Pinopsida	Pinales	Podocarpaceae	Podocarpus	Podocarpus matudae		SPECIES	Podocarpus matudae Lundell	Podocarpus matudae	Lundell, 1937	MX	Cerro Blanco	Chiapas	PRESENT	1	ff90b050-c256-11db-b71b-b8a03c50a862	17.2375	-92.930556	90.0		1125.0	1125.0	0.0	0.0	1998-06-24	24	6	1998	5285997	5285997	HUMAN_OBSERVATION			NO DISPONIBLE		NO DISPONIBLE		CC_BY_4_0	Comisión Nacional para el Conocimiento y Uso de la Biodiversidad (CONABIO)	NO DISPONIBLE	NotAType		2025-11-25T09:05:46.731Z		COORDINATE_ROUNDED;GEODETIC_DATUM_ASSUMED_WGS84;CONTINENT_DERIVED_FROM_COORDINATES;ELEVATION_MIN_MAX_SWAPPED;OCCURRENCE_STATUS_INFERRED_FROM_INDIVIDUAL_COUNT;TAXON_ID_NOT_FOUND;SCIENTIFIC_NAME_ID_NOT_FOUND
1894800303	da42f98d-c846-4328-864e-f4018e3326fb	a6d66dc6a9feb132b9c79b22b1b432d9	Plantae	Tracheophyta	Pinopsida	Pinales	Podocarpaceae	Podocarpus	Podocarpus matudae		SPECIES	Podocarpus matudae Lundell	Podocarpus matudae	Lundell, 1937	MX	El Tanque	Chiapas	PRESENT	1	ff90b050-c256-11db-b71b-b8a03c50a862	17.188889	-92.9	90.0		1095.0	1095.0	0.0	0.0	1998-01-16	16	1	1998	5285997	5285997	HUMAN_OBSERVATION			NO DISPONIBLE		NO DISPONIBLE		CC_BY_4_0	Comisión Nacional para el Conocimiento y Uso de la Biodiversidad (CONABIO)	NO DISPONIBLE	NotAType		2025-11-25T09:05:46.850Z		COORDINATE_ROUNDED;GEODETIC_DATUM_ASSUMED_WGS84;CONTINENT_DERIVED_FROM_COORDINATES;ELEVATION_MIN_MAX_SWAPPED;OCCURRENCE_STATUS_INFERRED_FROM_INDIVIDUAL_COUNT;TAXON_ID_NOT_FOUND;SCIENTIFIC_NAME_ID_NOT_FOUND
1894800302	da42f98d-c846-4328-864e-f4018e3326fb	4b04a019dfb4eb6e675b05364d751b22	Plantae	Tracheophyta	Pinopsida	Pinales	Podocarpaceae	Podocarpus	Podocarpus matudae		SPECIES	Podocarpus matudae Lundell	Podocarpus matudae	Lundell, 1937	MX	Cerro Blanco	Chiapas	PRESENT	1	ff90b050-c256-11db-b71b-b8a03c50a862	17.238333	-92.931944	90.0		1145.0	1145.0	0.0	0.0	1998-06-25	25	6	1998	5285997	5285997	HUMAN_OBSERVATION			NO DISPONIBLE		NO DISPONIBLE		CC_BY_4_0	Comisión Nacional para el Conocimiento y Uso de la Biodiversidad (CONABIO)	NO DISPONIBLE	NotAType		2025-11-25T09:05:46.922Z		COORDINATE_ROUNDED;GEODETIC_DATUM_ASSUMED_WGS84;CONTINENT_DERIVED_FROM_COORDINATES;ELEVATION_MIN_MAX_SWAPPED;OCCURRENCE_STATUS_INFERRED_FROM_INDIVIDUAL_COUNT;TAXON_ID_NOT_FOUND;SCIENTIFIC_NAME_ID_NOT_FOUND
1894800301	da42f98d-c846-4328-864e-f4018e3326fb	a329c992be9f8413bd4f6387110f3c0e	Plantae	Tracheophyta	Pinopsida	Pinales	Podocarpaceae	Podocarpus	Podocarpus matudae		SPECIES	Podocarpus matudae Lundell	Podocarpus matudae	Lundell, 1937	MX	Cerro Blanco	Chiapas	PRESENT	1	ff90b050-c256-11db-b71b-b8a03c50a862	17.238333	-92.931944	90.0		1145.0	1145.0	0.0	0.0	1998-06-25	25	6	1998	5285997	5285997	HUMAN_OBSERVATION			NO DISPONIBLE		NO DISPONIBLE		CC_BY_4_0	Comisión Nacional para el Conocimiento y Uso de la Biodiversidad (CONABIO)	NO DISPONIBLE	NotAType		2025-11-25T09:05:46.892Z		COORDINATE_ROUNDED;GEODETIC_DATUM_ASSUMED_WGS84;CONTINENT_DERIVED_FROM_COORDINATES;ELEVATION_MIN_MAX_SWAPPED;OCCURRENCE_STATUS_INFERRED_FROM_INDIVIDUAL_COUNT;TAXON_ID_NOT_FOUND;SCIENTIFIC_NAME_ID_NOT_FOUND
1894800300	da42f98d-c846-4328-864e-f4018e3326fb	490235c86fa6ef40f21e5219d16f8179	Plantae	Tracheophyta	Pinopsida	Pinales	Podocarpaceae	Podocarpus	Podocarpus matudae		SPECIES	Podocarpus matudae Lundell	Podocarpus matudae	Lundell, 1937	MX	Cerro Blanco	Chiapas	PRESENT	1	ff90b050-c256-11db-b71b-b8a03c50a862	17.238333	-92.921667	90.0		1135.0	1135.0	0.0	0.0	1998-07-23	23	7	1998	5285997	5285997	HUMAN_OBSERVATION			NO DISPONIBLE		NO DISPONIBLE		CC_BY_4_0	Comisión Nacional para el Conocimiento y Uso de la Biodiversidad (CONABIO)	NO DISPONIBLE	NotAType		2025-11-25T09:05:46.770Z		COORDINATE_ROUNDED;GEODETIC_DATUM_ASSUMED_WGS84;CONTINENT_DERIVED_FROM_COORDINATES;ELEVATION_MIN_MAX_SWAPPED;OCCURRENCE_STATUS_INFERRED_FROM_INDIVIDUAL_COUNT;TAXON_ID_NOT_FOUND;SCIENTIFIC_NAME_ID_NOT_FOUND
1894800299	da42f98d-c846-4328-864e-f4018e3326fb	9da08eb1bc96afe9d032e537c8900f08	Plantae	Tracheophyta	Pinopsida	Pinales	Podocarpaceae	Podocarpus	Podocarpus matudae		SPECIES	Podocarpus matudae Lundell	Podocarpus matudae	Lundell, 1937	MX	Cerro Blanco	Chiapas	PRESENT	1	ff90b050-c256-11db-b71b-b8a03c50a862	17.238333	-92.921667	90.0		1135.0	1135.0	0.0	0.0	1998-07-23	23	7	1998	5285997	5285997	HUMAN_OBSERVATION			NO DISPONIBLE		NO DISPONIBLE		CC_BY_4_0	Comisión Nacional para el Conocimiento y Uso de la Biodiversidad (CONABIO)	NO DISPONIBLE	NotAType		2025-11-25T09:05:47.326Z		COORDINATE_ROUNDED;GEODETIC_DATUM_ASSUMED_WGS84;CONTINENT_DERIVED_FROM_COORDINATES;ELEVATION_MIN_MAX_SWAPPED;OCCURRENCE_STATUS_INFERRED_FROM_INDIVIDUAL_COUNT;TAXON_ID_NOT_FOUND;SCIENTIFIC_NAME_ID_NOT_FOUND
1894800298	da42f98d-c846-4328-864e-f4018e3326fb	47132c6a9c441c2780ed7e3edb759690	Plantae	Tracheophyta	Pinopsida	Pinales	Podocarpaceae	Podocarpus	Podocarpus matudae		SPECIES	Podocarpus matudae Lundell	Podocarpus matudae	Lundell, 1937	MX	Cerro Blanco	Chiapas	PRESENT	1	ff90b050-c256-11db-b71b-b8a03c50a862	17.237778	-92.932778	90.0		1110.0	1110.0	0.0	0.0	1998-06-23	23	6	1998	5285997	5285997	HUMAN_OBSERVATION			NO DISPONIBLE		NO DISPONIBLE		CC_BY_4_0	Comisión Nacional para el Conocimiento y Uso de la Biodiversidad (CONABIO)	NO DISPONIBLE	NotAType		2025-11-25T09:05:47.164Z		COORDINATE_ROUNDED;GEODETIC_DATUM_ASSUMED_WGS84;CONTINENT_DERIVED_FROM_COORDINATES;ELEVATION_MIN_MAX_SWAPPED;OCCURRENCE_STATUS_INFERRED_FROM_INDIVIDUAL_COUNT;TAXON_ID_NOT_FOUND;SCIENTIFIC_NAME_ID_NOT_FOUND
1894800297	da42f98d-c846-4328-864e-f4018e3326fb	9bb67761e9a0587d73ceff7627b412cd	Plantae	Tracheophyta	Pinopsida	Pinales	Podocarpaceae	Podocarpus	Podocarpus matudae		SPECIES	Podocarpus matudae Lundell	Podocarpus matudae	Lundell, 1937	MX	Cerro Blanco	Chiapas	PRESENT	1	ff90b050-c256-11db-b71b-b8a03c50a862	17.237778	-92.932778	90.0		1110.0	1110.0	0.0	0.0	1998-06-23	23	6	1998	5285997	5285997	HUMAN_OBSERVATION			NO DISPONIBLE		NO DISPONIBLE		CC_BY_4_0	Comisión Nacional para el Conocimiento y Uso de la Biodiversidad (CONABIO)	NO DISPONIBLE	NotAType		2025-11-25T09:05:47.352Z		COORDINATE_ROUNDED;GEODETIC_DATUM_ASSUMED_WGS84;CONTINENT_DERIVED_FROM_COORDINATES;ELEVATION_MIN_MAX_SWAPPED;OCCURRENCE_STATUS_INFERRED_FROM_INDIVIDUAL_COUNT;TAXON_ID_NOT_FOUND;SCIENTIFIC_NAME_ID_NOT_FOUND
1894800296	da42f98d-c846-4328-864e-f4018e3326fb	4569999b88c1df15cda859aaa2c125b4	Plantae	Tracheophyta	Pinopsida	Pinales	Podocarpaceae	Podocarpus	Podocarpus matudae		SPECIES	Podocarpus matudae Lundell	Podocarpus matudae	Lundell, 1937	MX	Cerro Blanco	Chiapas	PRESENT	1	ff90b050-c256-11db-b71b-b8a03c50a862	17.237778	-92.924722	90.0		1125.0	1125.0	0.0	0.0	1998-07-22	22	7	1998	5285997	5285997	HUMAN_OBSERVATION			NO DISPONIBLE		NO DISPONIBLE		CC_BY_4_0	Comisión Nacional para el Conocimiento y Uso de la Biodiversidad (CONABIO)	NO DISPONIBLE	NotAType		2025-11-25T09:05:46.829Z		COORDINATE_ROUNDED;GEODETIC_DATUM_ASSUMED_WGS84;CONTINENT_DERIVED_FROM_COORDINATES;ELEVATION_MIN_MAX_SWAPPED;OCCURRENCE_STATUS_INFERRED_FROM_INDIVIDUAL_COUNT;TAXON_ID_NOT_FOUND;SCIENTIFIC_NAME_ID_NOT_FOUND
1894800295	da42f98d-c846-4328-864e-f4018e3326fb	9af41cc76750ee721434d235126540ba	Plantae	Tracheophyta	Pinopsida	Pinales	Podocarpaceae	Podocarpus	Podocarpus matudae		SPECIES	Podocarpus matudae Lundell	Podocarpus matudae	Lundell, 1937	MX	Cerro Blanco	Chiapas	PRESENT	1	ff90b050-c256-11db-b71b-b8a03c50a862	17.238333	-92.921667	90.0		1135.0	1135.0	0.0	0.0	1998-07-23	23	7	1998	5285997	5285997	HUMAN_OBSERVATION			NO DISPONIBLE		NO DISPONIBLE		CC_BY_4_0	Comisión Nacional para el Conocimiento y Uso de la Biodiversidad (CONABIO)	NO DISPONIBLE	NotAType		2025-11-25T09:05:47.364Z		COORDINATE_ROUNDED;GEODETIC_DATUM_ASSUMED_WGS84;CONTINENT_DERIVED_FROM_COORDINATES;ELEVATION_MIN_MAX_SWAPPED;OCCURRENCE_STATUS_INFERRED_FROM_INDIVIDUAL_COUNT;TAXON_ID_NOT_FOUND;SCIENTIFIC_NAME_ID_NOT_FOUND
1894800294	da42f98d-c846-4328-864e-f4018e3326fb	414903425d09efda7340fdeca1c30372	Plantae	Tracheophyta	Pinopsida	Pinales	Podocarpaceae	Podocarpus	Podocarpus matudae		SPECIES	Podocarpus matudae Lundell	Podocarpus matudae	Lundell, 1937	MX	Cerro Blanco	Chiapas	PRESENT	1	ff90b050-c256-11db-b71b-b8a03c50a862	17.238333	-92.931944	90.0		1145.0	1145.0	0.0	0.0	1998-06-25	25	6	1998	5285997	5285997	HUMAN_OBSERVATION			NO DISPONIBLE		NO DISPONIBLE		CC_BY_4_0	Comisión Nacional para el Conocimiento y Uso de la Biodiversidad (CONABIO)	NO DISPONIBLE	NotAType		2025-11-25T09:05:47.072Z		COORDINATE_ROUNDED;GEODETIC_DATUM_ASSUMED_WGS84;CONTINENT_DERIVED_FROM_COORDINATES;ELEVATION_MIN_MAX_SWAPPED;OCCURRENCE_STATUS_INFERRED_FROM_INDIVIDUAL_COUNT;TAXON_ID_NOT_FOUND;SCIENTIFIC_NAME_ID_NOT_FOUND
1894800293	da42f98d-c846-4328-864e-f4018e3326fb	9ae3bdc1047d3de7648d05de34dfc55e	Plantae	Tracheophyta	Pinopsida	Pinales	Podocarpaceae	Podocarpus	Podocarpus matudae		SPECIES	Podocarpus matudae Lundell	Podocarpus matudae	Lundell, 1937	MX	Cerro Blanco	Chiapas	PRESENT	1	ff90b050-c256-11db-b71b-b8a03c50a862	17.238333	-92.921667	90.0		1135.0	1135.0	0.0	0.0	1998-07-23	23	7	1998	5285997	5285997	HUMAN_OBSERVATION			NO DISPONIBLE		NO DISPONIBLE		CC_BY_4_0	Comisión Nacional para el Conocimiento y Uso de la Biodiversidad (CONABIO)	NO DISPONIBLE	NotAType		2025-11-25T09:05:46.724Z		COORDINATE_ROUNDED;GEODETIC_DATUM_ASSUMED_WGS84;CONTINENT_DERIVED_FROM_COORDINATES;ELEVATION_MIN_MAX_SWAPPED;OCCURRENCE_STATUS_INFERRED_FROM_INDIVIDUAL_COUNT;TAXON_ID_NOT_FOUND;SCIENTIFIC_NAME_ID_NOT_FOUND
1894800292	da42f98d-c846-4328-864e-f4018e3326fb	3c1943527248e5cc6dadac0d3b9148cb	Plantae	Tracheophyta	Pinopsida	Pinales	Podocarpaceae	Podocarpus	Podocarpus matudae		SPECIES	Podocarpus matudae Lundell	Podocarpus matudae	Lundell, 1937	MX	Cerro Blanco	Chiapas	PRESENT	1	ff90b050-c256-11db-b71b-b8a03c50a862	17.237778	-92.932778	90.0		1110.0	1110.0	0.0	0.0	1998-06-23	23	6	1998	5285997	5285997	HUMAN_OBSERVATION			NO DISPONIBLE		NO DISPONIBLE		CC_BY_4_0	Comisión Nacional para el Conocimiento y Uso de la Biodiversidad (CONABIO)	NO DISPONIBLE	NotAType		2025-11-25T09:05:47.480Z		COORDINATE_ROUNDED;GEODETIC_DATUM_ASSUMED_WGS84;CONTINENT_DERIVED_FROM_COORDINATES;ELEVATION_MIN_MAX_SWAPPED;OCCURRENCE_STATUS_INFERRED_FROM_INDIVIDUAL_COUNT;TAXON_ID_NOT_FOUND;SCIENTIFIC_NAME_ID_NOT_FOUND
1894800291	da42f98d-c846-4328-864e-f4018e3326fb	966505f430be9c7787f3605980a39abe	Plantae	Tracheophyta	Pinopsida	Pinales	Podocarpaceae	Podocarpus	Podocarpus matudae		SPECIES	Podocarpus matudae Lundell	Podocarpus matudae	Lundell, 1937	MX	El Tanque	Chiapas	PRESENT	1	ff90b050-c256-11db-b71b-b8a03c50a862	17.188889	-92.9	90.0		1095.0	1095.0	0.0	0.0	1998-01-16	16	1	1998	5285997	5285997	HUMAN_OBSERVATION			NO DISPONIBLE		NO DISPONIBLE		CC_BY_4_0	Comisión Nacional para el Conocimiento y Uso de la Biodiversidad (CONABIO)	NO DISPONIBLE	NotAType		2025-11-25T09:05:47.068Z		COORDINATE_ROUNDED;GEODETIC_DATUM_ASSUMED_WGS84;CONTINENT_DERIVED_FROM_COORDINATES;ELEVATION_MIN_MAX_SWAPPED;OCCURRENCE_STATUS_INFERRED_FROM_INDIVIDUAL_COUNT;TAXON_ID_NOT_FOUND;SCIENTIFIC_NAME_ID_NOT_FOUND
1894800289	da42f98d-c846-4328-864e-f4018e3326fb	3ad4aeed81ca5c3469dc9fde94324b06	Plantae	Tracheophyta	Pinopsida	Pinales	Podocarpaceae	Podocarpus	Podocarpus matudae		SPECIES	Podocarpus matudae Lundell	Podocarpus matudae	Lundell, 1937	MX	Cerro Blanco	Chiapas	PRESENT	1	ff90b050-c256-11db-b71b-b8a03c50a862	17.237778	-92.932778	90.0		1110.0	1110.0	0.0	0.0	1998-06-23	23	6	1998	5285997	5285997	HUMAN_OBSERVATION			NO DISPONIBLE		NO DISPONIBLE		CC_BY_4_0	Comisión Nacional para el Conocimiento y Uso de la Biodiversidad (CONABIO)	NO DISPONIBLE	NotAType		2025-11-25T09:05:46.707Z		COORDINATE_ROUNDED;GEODETIC_DATUM_ASSUMED_WGS84;CONTINENT_DERIVED_FROM_COORDINATES;ELEVATION_MIN_MAX_SWAPPED;OCCURRENCE_STATUS_INFERRED_FROM_INDIVIDUAL_COUNT;TAXON_ID_NOT_FOUND;SCIENTIFIC_NAME_ID_NOT_FOUND
1894800288	da42f98d-c846-4328-864e-f4018e3326fb	8bdc53c5c7963d59631db88f47114749	Plantae	Tracheophyta	Pinopsida	Pinales	Podocarpaceae	Podocarpus	Podocarpus matudae		SPECIES	Podocarpus matudae Lundell	Podocarpus matudae	Lundell, 1937	MX	Cerro Blanco	Chiapas	PRESENT	1	ff90b050-c256-11db-b71b-b8a03c50a862	17.237778	-92.932778	90.0		1110.0	1110.0	0.0	0.0	1998-06-23	23	6	1998	5285997	5285997	HUMAN_OBSERVATION			NO DISPONIBLE		NO DISPONIBLE		CC_BY_4_0	Comisión Nacional para el Conocimiento y Uso de la Biodiversidad (CONABIO)	NO DISPONIBLE	NotAType		2025-11-25T09:05:47.171Z		COORDINATE_ROUNDED;GEODETIC_DATUM_ASSUMED_WGS84;CONTINENT_DERIVED_FROM_COORDINATES;ELEVATION_MIN_MAX_SWAPPED;OCCURRENCE_STATUS_INFERRED_FROM_INDIVIDUAL_COUNT;TAXON_ID_NOT_FOUND;SCIENTIFIC_NAME_ID_NOT_FOUND
1894800286	da42f98d-c846-4328-864e-f4018e3326fb	3816bb76211e8bd787536ee827c5b153	Plantae	Tracheophyta	Pinopsida	Pinales	Podocarpaceae	Podocarpus	Podocarpus matudae		SPECIES	Podocarpus matudae Lundell	Podocarpus matudae	Lundell, 1937	MX	Cerro Blanco	Chiapas	PRESENT	1	ff90b050-c256-11db-b71b-b8a03c50a862	17.2375	-92.930556	90.0		1125.0	1125.0	0.0	0.0	1998-06-24	24	6	1998	5285997	5285997	HUMAN_OBSERVATION			NO DISPONIBLE		NO DISPONIBLE		CC_BY_4_0	Comisión Nacional para el Conocimiento y Uso de la Biodiversidad (CONABIO)	NO DISPONIBLE	NotAType		2025-11-25T09:05:47.459Z		COORDINATE_ROUNDED;GEODETIC_DATUM_ASSUMED_WGS84;CONTINENT_DERIVED_FROM_COORDINATES;ELEVATION_MIN_MAX_SWAPPED;OCCURRENCE_STATUS_INFERRED_FROM_INDIVIDUAL_COUNT;TAXON_ID_NOT_FOUND;SCIENTIFIC_NAME_ID_NOT_FOUND
1894800285	da42f98d-c846-4328-864e-f4018e3326fb	8aaffd7809f1f9beb9deb9141bbc17d9	Plantae	Tracheophyta	Pinopsida	Pinales	Podocarpaceae	Podocarpus	Podocarpus matudae		SPECIES	Podocarpus matudae Lundell	Podocarpus matudae	Lundell, 1937	MX	La Yerbabuena	Chiapas	PRESENT	1	ff90b050-c256-11db-b71b-b8a03c50a862	17.188056	-92.9	90.0		1050.0	1050.0	0.0	0.0	1997-10-31	31	10	1997	5285997	5285997	HUMAN_OBSERVATION			NO DISPONIBLE		NO DISPONIBLE		CC_BY_4_0	Comisión Nacional para el Conocimiento y Uso de la Biodiversidad (CONABIO)	NO DISPONIBLE	NotAType		2025-11-25T09:05:47.199Z		COORDINATE_ROUNDED;GEODETIC_DATUM_ASSUMED_WGS84;CONTINENT_DERIVED_FROM_COORDINATES;ELEVATION_MIN_MAX_SWAPPED;OCCURRENCE_STATUS_INFERRED_FROM_INDIVIDUAL_COUNT;TAXON_ID_NOT_FOUND;SCIENTIFIC_NAME_ID_NOT_FOUND
1894800283	da42f98d-c846-4328-864e-f4018e3326fb	8603c2ce545720b4fb730f562ae613bb	Plantae	Tracheophyta	Pinopsida	Pinales	Podocarpaceae	Podocarpus	Podocarpus matudae		SPECIES	Podocarpus matudae Lundell	Podocarpus matudae	Lundell, 1937	MX	Cerro Blanco	Chiapas	PRESENT	1	ff90b050-c256-11db-b71b-b8a03c50a862	17.237778	-92.932778	90.0		1110.0	1110.0	0.0	0.0	1998-06-23	23	6	1998	5285997	5285997	HUMAN_OBSERVATION			NO DISPONIBLE		NO DISPONIBLE		CC_BY_4_0	Comisión Nacional para el Conocimiento y Uso de la Biodiversidad (CONABIO)	NO DISPONIBLE	NotAType		2025-11-25T09:05:46.742Z		COORDINATE_ROUNDED;GEODETIC_DATUM_ASSUMED_WGS84;CONTINENT_DERIVED_FROM_COORDINATES;ELEVATION_MIN_MAX_SWAPPED;OCCURRENCE_STATUS_INFERRED_FROM_INDIVIDUAL_COUNT;TAXON_ID_NOT_FOUND;SCIENTIFIC_NAME_ID_NOT_FOUND
1894800282	da42f98d-c846-4328-864e-f4018e3326fb	362df1281db52123d638f19fc2e6bd40	Plantae	Tracheophyta	Pinopsida	Pinales	Podocarpaceae	Podocarpus	Podocarpus matudae		SPECIES	Podocarpus matudae Lundell	Podocarpus matudae	Lundell, 1937	MX	Cerro Blanco	Chiapas	PRESENT	1	ff90b050-c256-11db-b71b-b8a03c50a862	17.238333	-92.921667	90.0		1135.0	1135.0	0.0	0.0	1998-07-23	23	7	1998	5285997	5285997	HUMAN_OBSERVATION			NO DISPONIBLE		NO DISPONIBLE		CC_BY_4_0	Comisión Nacional para el Conocimiento y Uso de la Biodiversidad (CONABIO)	NO DISPONIBLE	NotAType		2025-11-25T09:05:47.142Z		COORDINATE_ROUNDED;GEODETIC_DATUM_ASSUMED_WGS84;CONTINENT_DERIVED_FROM_COORDINATES;ELEVATION_MIN_MAX_SWAPPED;OCCURRENCE_STATUS_INFERRED_FROM_INDIVIDUAL_COUNT;TAXON_ID_NOT_FOUND;SCIENTIFIC_NAME_ID_NOT_FOUND
1894800280	da42f98d-c846-4328-864e-f4018e3326fb	8052624aa8fd2bfa8890689af3456af6	Plantae	Tracheophyta	Pinopsida	Pinales	Podocarpaceae	Podocarpus	Podocarpus matudae		SPECIES	Podocarpus matudae Lundell	Podocarpus matudae	Lundell, 1937	MX	Cerro Blanco	Chiapas	PRESENT	1	ff90b050-c256-11db-b71b-b8a03c50a862	17.237778	-92.924722	90.0		1125.0	1125.0	0.0	0.0	1998-07-22	22	7	1998	5285997	5285997	HUMAN_OBSERVATION			NO DISPONIBLE		NO DISPONIBLE		CC_BY_4_0	Comisión Nacional para el Conocimiento y Uso de la Biodiversidad (CONABIO)	NO DISPONIBLE	NotAType		2025-11-25T09:05:47.225Z		COORDINATE_ROUNDED;GEODETIC_DATUM_ASSUMED_WGS84;CONTINENT_DERIVED_FROM_COORDINATES;ELEVATION_MIN_MAX_SWAPPED;OCCURRENCE_STATUS_INFERRED_FROM_INDIVIDUAL_COUNT;TAXON_ID_NOT_FOUND;SCIENTIFIC_NAME_ID_NOT_FOUND
1894800279	da42f98d-c846-4328-864e-f4018e3326fb	32ec5e71fe8b481f326d24f0d688c3ea	Plantae	Tracheophyta	Pinopsida	Pinales	Podocarpaceae	Podocarpus	Podocarpus matudae		SPECIES	Podocarpus matudae Lundell	Podocarpus matudae	Lundell, 1937	MX	Cerro Blanco	Chiapas	PRESENT	1	ff90b050-c256-11db-b71b-b8a03c50a862	17.237778	-92.924722	90.0		1125.0	1125.0	0.0	0.0	1998-07-22	22	7	1998	5285997	5285997	HUMAN_OBSERVATION			NO DISPONIBLE		NO DISPONIBLE		CC_BY_4_0	Comisión Nacional para el Conocimiento y Uso de la Biodiversidad (CONABIO)	NO DISPONIBLE	NotAType		2025-11-25T09:05:47.373Z		COORDINATE_ROUNDED;GEODETIC_DATUM_ASSUMED_WGS84;CONTINENT_DERIVED_FROM_COORDINATES;ELEVATION_MIN_MAX_SWAPPED;OCCURRENCE_STATUS_INFERRED_FROM_INDIVIDUAL_COUNT;TAXON_ID_NOT_FOUND;SCIENTIFIC_NAME_ID_NOT_FOUND
1894800277	da42f98d-c846-4328-864e-f4018e3326fb	7fc08fb77c33b7c3e880e5647ef65b2b	Plantae	Tracheophyta	Pinopsida	Pinales	Podocarpaceae	Podocarpus	Podocarpus matudae		SPECIES	Podocarpus matudae Lundell	Podocarpus matudae	Lundell, 1937	MX	La Yerbabuena	Chiapas	PRESENT	1	ff90b050-c256-11db-b71b-b8a03c50a862	17.188056	-92.9	90.0		1050.0	1050.0	0.0	0.0	1997-10-31	31	10	1997	5285997	5285997	HUMAN_OBSERVATION			NO DISPONIBLE		NO DISPONIBLE		CC_BY_4_0	Comisión Nacional para el Conocimiento y Uso de la Biodiversidad (CONABIO)	NO DISPONIBLE	NotAType		2025-11-25T09:05:47.472Z		COORDINATE_ROUNDED;GEODETIC_DATUM_ASSUMED_WGS84;CONTINENT_DERIVED_FROM_COORDINATES;ELEVATION_MIN_MAX_SWAPPED;OCCURRENCE_STATUS_INFERRED_FROM_INDIVIDUAL_COUNT;TAXON_ID_NOT_FOUND;SCIENTIFIC_NAME_ID_NOT_FOUND
1894800276	da42f98d-c846-4328-864e-f4018e3326fb	318ee39d01c0832986a140f85f278fbe	Plantae	Tracheophyta	Pinopsida	Pinales	Podocarpaceae	Podocarpus	Podocarpus matudae		SPECIES	Podocarpus matudae Lundell	Podocarpus matudae	Lundell, 1937	MX	Cerro Blanco	Chiapas	PRESENT	1	ff90b050-c256-11db-b71b-b8a03c50a862	17.237778	-92.924722	90.0		1125.0	1125.0	0.0	0.0	1998-07-22	22	7	1998	5285997	5285997	HUMAN_OBSERVATION			NO DISPONIBLE		NO DISPONIBLE		CC_BY_4_0	Comisión Nacional para el Conocimiento y Uso de la Biodiversidad (CONABIO)	NO DISPONIBLE	NotAType		2025-11-25T09:05:47.349Z		COORDINATE_ROUNDED;GEODETIC_DATUM_ASSUMED_WGS84;CONTINENT_DERIVED_FROM_COORDINATES;ELEVATION_MIN_MAX_SWAPPED;OCCURRENCE_STATUS_INFERRED_FROM_INDIVIDUAL_COUNT;TAXON_ID_NOT_FOUND;SCIENTIFIC_NAME_ID_NOT_FOUND
1894800274	da42f98d-c846-4328-864e-f4018e3326fb	7f9ec4c933097f91993e8a1d6da74bfa	Plantae	Tracheophyta	Pinopsida	Pinales	Podocarpaceae	Podocarpus	Podocarpus matudae		SPECIES	Podocarpus matudae Lundell	Podocarpus matudae	Lundell, 1937	MX	La Yerbabuena	Chiapas	PRESENT	1	ff90b050-c256-11db-b71b-b8a03c50a862	17.188333	-92.897222	90.0		1055.0	1055.0	0.0	0.0	1997-10-30	30	10	1997	5285997	5285997	HUMAN_OBSERVATION			NO DISPONIBLE		NO DISPONIBLE		CC_BY_4_0	Comisión Nacional para el Conocimiento y Uso de la Biodiversidad (CONABIO)	NO DISPONIBLE	NotAType		2025-11-25T09:05:46.690Z		COORDINATE_ROUNDED;GEODETIC_DATUM_ASSUMED_WGS84;CONTINENT_DERIVED_FROM_COORDINATES;ELEVATION_MIN_MAX_SWAPPED;OCCURRENCE_STATUS_INFERRED_FROM_INDIVIDUAL_COUNT;TAXON_ID_NOT_FOUND;SCIENTIFIC_NAME_ID_NOT_FOUND
1894800272	da42f98d-c846-4328-864e-f4018e3326fb	285ad1000ffd4d7288841abc3f9c00f7	Plantae	Tracheophyta	Pinopsida	Pinales	Podocarpaceae	Podocarpus	Podocarpus matudae		SPECIES	Podocarpus matudae Lundell	Podocarpus matudae	Lundell, 1937	MX	Cerro Blanco	Chiapas	PRESENT	1	ff90b050-c256-11db-b71b-b8a03c50a862	17.238333	-92.921667	90.0		1135.0	1135.0	0.0	0.0	1998-07-23	23	7	1998	5285997	5285997	HUMAN_OBSERVATION			NO DISPONIBLE		NO DISPONIBLE		CC_BY_4_0	Comisión Nacional para el Conocimiento y Uso de la Biodiversidad (CONABIO)	NO DISPONIBLE	NotAType		2025-11-25T09:05:46.923Z		COORDINATE_ROUNDED;GEODETIC_DATUM_ASSUMED_WGS84;CONTINENT_DERIVED_FROM_COORDINATES;ELEVATION_MIN_MAX_SWAPPED;OCCURRENCE_STATUS_INFERRED_FROM_INDIVIDUAL_COUNT;TAXON_ID_NOT_FOUND;SCIENTIFIC_NAME_ID_NOT_FOUND
1894800271	da42f98d-c846-4328-864e-f4018e3326fb	7a8c3a3f39f39b3aa261841082e3be11	Plantae	Tracheophyta	Pinopsida	Pinales	Podocarpaceae	Podocarpus	Podocarpus matudae		SPECIES	Podocarpus matudae Lundell	Podocarpus matudae	Lundell, 1937	MX	Cerro Blanco	Chiapas	PRESENT	1	ff90b050-c256-11db-b71b-b8a03c50a862	17.238333	-92.931944	90.0		1145.0	1145.0	0.0	0.0	1998-06-25	25	6	1998	5285997	5285997	HUMAN_OBSERVATION			NO DISPONIBLE		NO DISPONIBLE		CC_BY_4_0	Comisión Nacional para el Conocimiento y Uso de la Biodiversidad (CONABIO)	NO DISPONIBLE	NotAType		2025-11-25T09:05:47.283Z		COORDINATE_ROUNDED;GEODETIC_DATUM_ASSUMED_WGS84;CONTINENT_DERIVED_FROM_COORDINATES;ELEVATION_MIN_MAX_SWAPPED;OCCURRENCE_STATUS_INFERRED_FROM_INDIVIDUAL_COUNT;TAXON_ID_NOT_FOUND;SCIENTIFIC_NAME_ID_NOT_FOUND
1894800269	da42f98d-c846-4328-864e-f4018e3326fb	283916ec248498631c8d5f0726bf7e9c	Plantae	Tracheophyta	Pinopsida	Pinales	Podocarpaceae	Podocarpus	Podocarpus matudae		SPECIES	Podocarpus matudae Lundell	Podocarpus matudae	Lundell, 1937	MX	El Tanque	Chiapas	PRESENT	1	ff90b050-c256-11db-b71b-b8a03c50a862	17.188889	-92.9	90.0		1095.0	1095.0	0.0	0.0	1998-01-16	16	1	1998	5285997	5285997	HUMAN_OBSERVATION			NO DISPONIBLE		NO DISPONIBLE		CC_BY_4_0	Comisión Nacional para el Conocimiento y Uso de la Biodiversidad (CONABIO)	NO DISPONIBLE	NotAType		2025-11-25T09:05:47.391Z		COORDINATE_ROUNDED;GEODETIC_DATUM_ASSUMED_WGS84;CONTINENT_DERIVED_FROM_COORDINATES;ELEVATION_MIN_MAX_SWAPPED;OCCURRENCE_STATUS_INFERRED_FROM_INDIVIDUAL_COUNT;TAXON_ID_NOT_FOUND;SCIENTIFIC_NAME_ID_NOT_FOUND
1894800268	da42f98d-c846-4328-864e-f4018e3326fb	7865efd5e084d8623ab08e2d618d620a	Plantae	Tracheophyta	Pinopsida	Pinales	Podocarpaceae	Podocarpus	Podocarpus matudae		SPECIES	Podocarpus matudae Lundell	Podocarpus matudae	Lundell, 1937	MX	Cerro Blanco	Chiapas	PRESENT	1	ff90b050-c256-11db-b71b-b8a03c50a862	17.237778	-92.932778	90.0		1110.0	1110.0	0.0	0.0	1998-06-23	23	6	1998	5285997	5285997	HUMAN_OBSERVATION			NO DISPONIBLE		NO DISPONIBLE		CC_BY_4_0	Comisión Nacional para el Conocimiento y Uso de la Biodiversidad (CONABIO)	NO DISPONIBLE	NotAType		2025-11-25T09:05:46.887Z		COORDINATE_ROUNDED;GEODETIC_DATUM_ASSUMED_WGS84;CONTINENT_DERIVED_FROM_COORDINATES;ELEVATION_MIN_MAX_SWAPPED;OCCURRENCE_STATUS_INFERRED_FROM_INDIVIDUAL_COUNT;TAXON_ID_NOT_FOUND;SCIENTIFIC_NAME_ID_NOT_FOUND
1894800266	da42f98d-c846-4328-864e-f4018e3326fb	275e3d96be7f864dffe7d76ff1865ff8	Plantae	Tracheophyta	Pinopsida	Pinales	Podocarpaceae	Podocarpus	Podocarpus matudae		SPECIES	Podocarpus matudae Lundell	Podocarpus matudae	Lundell, 1937	MX	Cerro Blanco	Chiapas	PRESENT	1	ff90b050-c256-11db-b71b-b8a03c50a862	17.238333	-92.931944	90.0		1145.0	1145.0	0.0	0.0	1998-06-25	25	6	1998	5285997	5285997	HUMAN_OBSERVATION			NO DISPONIBLE		NO DISPONIBLE		CC_BY_4_0	Comisión Nacional para el Conocimiento y Uso de la Biodiversidad (CONABIO)	NO DISPONIBLE	NotAType		2025-11-25T09:05:47.407Z		COORDINATE_ROUNDED;GEODETIC_DATUM_ASSUMED_WGS84;CONTINENT_DERIVED_FROM_COORDINATES;ELEVATION_MIN_MAX_SWAPPED;OCCURRENCE_STATUS_INFERRED_FROM_INDIVIDUAL_COUNT;TAXON_ID_NOT_FOUND;SCIENTIFIC_NAME_ID_NOT_FOUND
1894800265	da42f98d-c846-4328-864e-f4018e3326fb	76257c3953c33b5b0c1b6308bf91fa19	Plantae	Tracheophyta	Pinopsida	Pinales	Podocarpaceae	Podocarpus	Podocarpus matudae		SPECIES	Podocarpus matudae Lundell	Podocarpus matudae	Lundell, 1937	MX	Cerro Blanco	Chiapas	PRESENT	1	ff90b050-c256-11db-b71b-b8a03c50a862	17.238333	-92.921667	90.0		1135.0	1135.0	0.0	0.0	1998-07-23	23	7	1998	5285997	5285997	HUMAN_OBSERVATION			NO DISPONIBLE		NO DISPONIBLE		CC_BY_4_0	Comisión Nacional para el Conocimiento y Uso de la Biodiversidad (CONABIO)	NO DISPONIBLE	NotAType		2025-11-25T09:05:46.945Z		COORDINATE_ROUNDED;GEODETIC_DATUM_ASSUMED_WGS84;CONTINENT_DERIVED_FROM_COORDINATES;ELEVATION_MIN_MAX_SWAPPED;OCCURRENCE_STATUS_INFERRED_FROM_INDIVIDUAL_COUNT;TAXON_ID_NOT_FOUND;SCIENTIFIC_NAME_ID_NOT_FOUND
1894800263	da42f98d-c846-4328-864e-f4018e3326fb	23e76977022d150347cec157b9dceabc	Plantae	Tracheophyta	Pinopsida	Pinales	Podocarpaceae	Podocarpus	Podocarpus matudae		SPECIES	Podocarpus matudae Lundell	Podocarpus matudae	Lundell, 1937	MX	Cerro Blanco	Chiapas	PRESENT	1	ff90b050-c256-11db-b71b-b8a03c50a862	17.238333	-92.921667	90.0		1135.0	1135.0	0.0	0.0	1998-07-23	23	7	1998	5285997	5285997	HUMAN_OBSERVATION			NO DISPONIBLE		NO DISPONIBLE		CC_BY_4_0	Comisión Nacional para el Conocimiento y Uso de la Biodiversidad (CONABIO)	NO DISPONIBLE	NotAType		2025-11-25T09:05:47.022Z		COORDINATE_ROUNDED;GEODETIC_DATUM_ASSUMED_WGS84;CONTINENT_DERIVED_FROM_COORDINATES;ELEVATION_MIN_MAX_SWAPPED;OCCURRENCE_STATUS_INFERRED_FROM_INDIVIDUAL_COUNT;TAXON_ID_NOT_FOUND;SCIENTIFIC_NAME_ID_NOT_FOUND
1894800262	da42f98d-c846-4328-864e-f4018e3326fb	6d4128652d69d4dbfda7aa118340fe58	Plantae	Tracheophyta	Pinopsida	Pinales	Podocarpaceae	Podocarpus	Podocarpus matudae		SPECIES	Podocarpus matudae Lundell	Podocarpus matudae	Lundell, 1937	MX	Cerro Blanco	Chiapas	PRESENT	1	ff90b050-c256-11db-b71b-b8a03c50a862	17.2375	-92.930556	90.0		1125.0	1125.0	0.0	0.0	1998-06-24	24	6	1998	5285997	5285997	HUMAN_OBSERVATION			NO DISPONIBLE		NO DISPONIBLE		CC_BY_4_0	Comisión Nacional para el Conocimiento y Uso de la Biodiversidad (CONABIO)	NO DISPONIBLE	NotAType		2025-11-25T09:05:46.856Z		COORDINATE_ROUNDED;GEODETIC_DATUM_ASSUMED_WGS84;CONTINENT_DERIVED_FROM_COORDINATES;ELEVATION_MIN_MAX_SWAPPED;OCCURRENCE_STATUS_INFERRED_FROM_INDIVIDUAL_COUNT;TAXON_ID_NOT_FOUND;SCIENTIFIC_NAME_ID_NOT_FOUND
1894800260	da42f98d-c846-4328-864e-f4018e3326fb	22ff93eede9601287c8b850a0ccd6ccd	Plantae	Tracheophyta	Pinopsida	Pinales	Podocarpaceae	Podocarpus	Podocarpus matudae		SPECIES	Podocarpus matudae Lundell	Podocarpus matudae	Lundell, 1937	MX	Cerro Blanco	Chiapas	PRESENT	1	ff90b050-c256-11db-b71b-b8a03c50a862	17.237778	-92.924722	90.0		1125.0	1125.0	0.0	0.0	1998-07-22	22	7	1998	5285997	5285997	HUMAN_OBSERVATION			NO DISPONIBLE		NO DISPONIBLE		CC_BY_4_0	Comisión Nacional para el Conocimiento y Uso de la Biodiversidad (CONABIO)	NO DISPONIBLE	NotAType		2025-11-25T09:05:46.863Z		COORDINATE_ROUNDED;GEODETIC_DATUM_ASSUMED_WGS84;CONTINENT_DERIVED_FROM_COORDINATES;ELEVATION_MIN_MAX_SWAPPED;OCCURRENCE_STATUS_INFERRED_FROM_INDIVIDUAL_COUNT;TAXON_ID_NOT_FOUND;SCIENTIFIC_NAME_ID_NOT_FOUND
1894800259	da42f98d-c846-4328-864e-f4018e3326fb	6160689484bc62dfc04c190d009bd04a	Plantae	Tracheophyta	Pinopsida	Pinales	Podocarpaceae	Podocarpus	Podocarpus matudae		SPECIES	Podocarpus matudae Lundell	Podocarpus matudae	Lundell, 1937	MX	Cerro Blanco	Chiapas	PRESENT	1	ff90b050-c256-11db-b71b-b8a03c50a862	17.2375	-92.930556	90.0		1125.0	1125.0	0.0	0.0	1998-06-24	24	6	1998	5285997	5285997	HUMAN_OBSERVATION			NO DISPONIBLE		NO DISPONIBLE		CC_BY_4_0	Comisión Nacional para el Conocimiento y Uso de la Biodiversidad (CONABIO)	NO DISPONIBLE	NotAType		2025-11-25T09:05:47.278Z		COORDINATE_ROUNDED;GEODETIC_DATUM_ASSUMED_WGS84;CONTINENT_DERIVED_FROM_COORDINATES;ELEVATION_MIN_MAX_SWAPPED;OCCURRENCE_STATUS_INFERRED_FROM_INDIVIDUAL_COUNT;TAXON_ID_NOT_FOUND;SCIENTIFIC_NAME_ID_NOT_FOUND
1894800257	da42f98d-c846-4328-864e-f4018e3326fb	1c935669400b5c4efe8a51fdef013bff	Plantae	Tracheophyta	Pinopsida	Pinales	Podocarpaceae	Podocarpus	Podocarpus matudae		SPECIES	Podocarpus matudae Lundell	Podocarpus matudae	Lundell, 1937	MX	Cerro Blanco	Chiapas	PRESENT	1	ff90b050-c256-11db-b71b-b8a03c50a862	17.237778	-92.924722	90.0		1125.0	1125.0	0.0	0.0	1998-07-22	22	7	1998	5285997	5285997	HUMAN_OBSERVATION			NO DISPONIBLE		NO DISPONIBLE		CC_BY_4_0	Comisión Nacional para el Conocimiento y Uso de la Biodiversidad (CONABIO)	NO DISPONIBLE	NotAType		2025-11-25T09:05:47.436Z		COORDINATE_ROUNDED;GEODETIC_DATUM_ASSUMED_WGS84;CONTINENT_DERIVED_FROM_COORDINATES;ELEVATION_MIN_MAX_SWAPPED;OCCURRENCE_STATUS_INFERRED_FROM_INDIVIDUAL_COUNT;TAXON_ID_NOT_FOUND;SCIENTIFIC_NAME_ID_NOT_FOUND
1894800256	da42f98d-c846-4328-864e-f4018e3326fb	60372f6f7da4a9fb0679a38b661457fb	Plantae	Tracheophyta	Pinopsida	Pinales	Podocarpaceae	Podocarpus	Podocarpus matudae		SPECIES	Podocarpus matudae Lundell	Podocarpus matudae	Lundell, 1937	MX	La Yerbabuena	Chiapas	PRESENT	1	ff90b050-c256-11db-b71b-b8a03c50a862	17.188333	-92.897222	90.0		1055.0	1055.0	0.0	0.0	1997-10-30	30	10	1997	5285997	5285997	HUMAN_OBSERVATION			NO DISPONIBLE		NO DISPONIBLE		CC_BY_4_0	Comisión Nacional para el Conocimiento y Uso de la Biodiversidad (CONABIO)	NO DISPONIBLE	NotAType		2025-11-25T09:05:46.975Z		COORDINATE_ROUNDED;GEODETIC_DATUM_ASSUMED_WGS84;CONTINENT_DERIVED_FROM_COORDINATES;ELEVATION_MIN_MAX_SWAPPED;OCCURRENCE_STATUS_INFERRED_FROM_INDIVIDUAL_COUNT;TAXON_ID_NOT_FOUND;SCIENTIFIC_NAME_ID_NOT_FOUND
1894800254	da42f98d-c846-4328-864e-f4018e3326fb	1c41b275778eec8e556a1ce66cfff5b5	Plantae	Tracheophyta	Pinopsida	Pinales	Podocarpaceae	Podocarpus	Podocarpus matudae		SPECIES	Podocarpus matudae Lundell	Podocarpus matudae	Lundell, 1937	MX	Cerro Blanco	Chiapas	PRESENT	1	ff90b050-c256-11db-b71b-b8a03c50a862	17.238333	-92.921667	90.0		1135.0	1135.0	0.0	0.0	1998-07-23	23	7	1998	5285997	5285997	HUMAN_OBSERVATION			NO DISPONIBLE		NO DISPONIBLE		CC_BY_4_0	Comisión Nacional para el Conocimiento y Uso de la Biodiversidad (CONABIO)	NO DISPONIBLE	NotAType		2025-11-25T09:05:46.771Z		COORDINATE_ROUNDED;GEODETIC_DATUM_ASSUMED_WGS84;CONTINENT_DERIVED_FROM_COORDINATES;ELEVATION_MIN_MAX_SWAPPED;OCCURRENCE_STATUS_INFERRED_FROM_INDIVIDUAL_COUNT;TAXON_ID_NOT_FOUND;SCIENTIFIC_NAME_ID_NOT_FOUND
1894800252	da42f98d-c846-4328-864e-f4018e3326fb	0ffcbe5507d1a066d5530c4530a32564	Plantae	Tracheophyta	Pinopsida	Pinales	Podocarpaceae	Podocarpus	Podocarpus matudae		SPECIES	Podocarpus matudae Lundell	Podocarpus matudae	Lundell, 1937	MX	Cerro Blanco	Chiapas	PRESENT	1	ff90b050-c256-11db-b71b-b8a03c50a862	17.238889	-92.924722	90.0		1145.0	1145.0	0.0	0.0	1998-07-21	21	7	1998	5285997	5285997	HUMAN_OBSERVATION			NO DISPONIBLE		NO DISPONIBLE		CC_BY_4_0	Comisión Nacional para el Conocimiento y Uso de la Biodiversidad (CONABIO)	NO DISPONIBLE	NotAType		2025-11-25T09:05:46.894Z		COORDINATE_ROUNDED;GEODETIC_DATUM_ASSUMED_WGS84;CONTINENT_DERIVED_FROM_COORDINATES;ELEVATION_MIN_MAX_SWAPPED;OCCURRENCE_STATUS_INFERRED_FROM_INDIVIDUAL_COUNT;TAXON_ID_NOT_FOUND;SCIENTIFIC_NAME_ID_NOT_FOUND
1894800250	da42f98d-c846-4328-864e-f4018e3326fb	0cda69343329aeeefb846245843589a8	Plantae	Tracheophyta	Pinopsida	Pinales	Podocarpaceae	Podocarpus	Podocarpus matudae		SPECIES	Podocarpus matudae Lundell	Podocarpus matudae	Lundell, 1937	MX	Cerro Blanco	Chiapas	PRESENT	1	ff90b050-c256-11db-b71b-b8a03c50a862	17.237778	-92.924722	90.0		1125.0	1125.0	0.0	0.0	1998-07-22	22	7	1998	5285997	5285997	HUMAN_OBSERVATION			NO DISPONIBLE		NO DISPONIBLE		CC_BY_4_0	Comisión Nacional para el Conocimiento y Uso de la Biodiversidad (CONABIO)	NO DISPONIBLE	NotAType		2025-11-25T09:05:46.899Z		COORDINATE_ROUNDED;GEODETIC_DATUM_ASSUMED_WGS84;CONTINENT_DERIVED_FROM_COORDINATES;ELEVATION_MIN_MAX_SWAPPED;OCCURRENCE_STATUS_INFERRED_FROM_INDIVIDUAL_COUNT;TAXON_ID_NOT_FOUND;SCIENTIFIC_NAME_ID_NOT_FOUND
1894800248	da42f98d-c846-4328-864e-f4018e3326fb	0be651a5160e2faad98e06b26e9892cf	Plantae	Tracheophyta	Pinopsida	Pinales	Podocarpaceae	Podocarpus	Podocarpus matudae		SPECIES	Podocarpus matudae Lundell	Podocarpus matudae	Lundell, 1937	MX	Cerro Blanco	Chiapas	PRESENT	1	ff90b050-c256-11db-b71b-b8a03c50a862	17.238333	-92.921667	90.0		1135.0	1135.0	0.0	0.0	1998-07-23	23	7	1998	5285997	5285997	HUMAN_OBSERVATION			NO DISPONIBLE		NO DISPONIBLE		CC_BY_4_0	Comisión Nacional para el Conocimiento y Uso de la Biodiversidad (CONABIO)	NO DISPONIBLE	NotAType		2025-11-25T09:05:47.287Z		COORDINATE_ROUNDED;GEODETIC_DATUM_ASSUMED_WGS84;CONTINENT_DERIVED_FROM_COORDINATES;ELEVATION_MIN_MAX_SWAPPED;OCCURRENCE_STATUS_INFERRED_FROM_INDIVIDUAL_COUNT;TAXON_ID_NOT_FOUND;SCIENTIFIC_NAME_ID_NOT_FOUND
1894800246	da42f98d-c846-4328-864e-f4018e3326fb	0b1aee0c605ba4185246a2aff0e128be	Plantae	Tracheophyta	Pinopsida	Pinales	Podocarpaceae	Podocarpus	Podocarpus matudae		SPECIES	Podocarpus matudae Lundell	Podocarpus matudae	Lundell, 1937	MX	La Yerbabuena	Chiapas	PRESENT	1	ff90b050-c256-11db-b71b-b8a03c50a862	17.187222	-92.897222	90.0		1040.0	1040.0	0.0	0.0	1997-10-29	29	10	1997	5285997	5285997	HUMAN_OBSERVATION			NO DISPONIBLE		NO DISPONIBLE		CC_BY_4_0	Comisión Nacional para el Conocimiento y Uso de la Biodiversidad (CONABIO)	NO DISPONIBLE	NotAType		2025-11-25T09:05:47.109Z		COORDINATE_ROUNDED;GEODETIC_DATUM_ASSUMED_WGS84;CONTINENT_DERIVED_FROM_COORDINATES;ELEVATION_MIN_MAX_SWAPPED;OCCURRENCE_STATUS_INFERRED_FROM_INDIVIDUAL_COUNT;TAXON_ID_NOT_FOUND;SCIENTIFIC_NAME_ID_NOT_FOUND
1894800244	da42f98d-c846-4328-864e-f4018e3326fb	0b06a0bb07aef84be981edc7253f0f4a	Plantae	Tracheophyta	Pinopsida	Pinales	Podocarpaceae	Podocarpus	Podocarpus matudae		SPECIES	Podocarpus matudae Lundell	Podocarpus matudae	Lundell, 1937	MX	El Tanque	Chiapas	PRESENT	1	ff90b050-c256-11db-b71b-b8a03c50a862	17.188333	-92.899444	90.0		1050.0	1050.0	0.0	0.0	1998-01-15	15	1	1998	5285997	5285997	HUMAN_OBSERVATION			NO DISPONIBLE		NO DISPONIBLE		CC_BY_4_0	Comisión Nacional para el Conocimiento y Uso de la Biodiversidad (CONABIO)	NO DISPONIBLE	NotAType		2025-11-25T09:05:46.861Z		COORDINATE_ROUNDED;GEODETIC_DATUM_ASSUMED_WGS84;CONTINENT_DERIVED_FROM_COORDINATES;ELEVATION_MIN_MAX_SWAPPED;OCCURRENCE_STATUS_INFERRED_FROM_INDIVIDUAL_COUNT;TAXON_ID_NOT_FOUND;SCIENTIFIC_NAME_ID_NOT_FOUND
1894800242	da42f98d-c846-4328-864e-f4018e3326fb	056382daada17fab00b2acc66170df08	Plantae	Tracheophyta	Pinopsida	Pinales	Podocarpaceae	Podocarpus	Podocarpus matudae		SPECIES	Podocarpus matudae Lundell	Podocarpus matudae	Lundell, 1937	MX	Cerro Blanco	Chiapas	PRESENT	1	ff90b050-c256-11db-b71b-b8a03c50a862	17.237778	-92.924722	90.0		1125.0	1125.0	0.0	0.0	1998-07-22	22	7	1998	5285997	5285997	HUMAN_OBSERVATION			NO DISPONIBLE		NO DISPONIBLE		CC_BY_4_0	Comisión Nacional para el Conocimiento y Uso de la Biodiversidad (CONABIO)	NO DISPONIBLE	NotAType		2025-11-25T09:05:46.741Z		COORDINATE_ROUNDED;GEODETIC_DATUM_ASSUMED_WGS84;CONTINENT_DERIVED_FROM_COORDINATES;ELEVATION_MIN_MAX_SWAPPED;OCCURRENCE_STATUS_INFERRED_FROM_INDIVIDUAL_COUNT;TAXON_ID_NOT_FOUND;SCIENTIFIC_NAME_ID_NOT_FOUND
1894800240	da42f98d-c846-4328-864e-f4018e3326fb	052d5cd1449db1f6b0e6be8815310215	Plantae	Tracheophyta	Pinopsida	Pinales	Podocarpaceae	Podocarpus	Podocarpus matudae		SPECIES	Podocarpus matudae Lundell	Podocarpus matudae	Lundell, 1937	MX	La Yerbabuena	Chiapas	PRESENT	1	ff90b050-c256-11db-b71b-b8a03c50a862	17.188056	-92.9	90.0		1050.0	1050.0	0.0	0.0	1997-10-31	31	10	1997	5285997	5285997	HUMAN_OBSERVATION			NO DISPONIBLE		NO DISPONIBLE		CC_BY_4_0	Comisión Nacional para el Conocimiento y Uso de la Biodiversidad (CONABIO)	NO DISPONIBLE	NotAType		2025-11-25T09:05:47.495Z		COORDINATE_ROUNDED;GEODETIC_DATUM_ASSUMED_WGS84;CONTINENT_DERIVED_FROM_COORDINATES;ELEVATION_MIN_MAX_SWAPPED;OCCURRENCE_STATUS_INFERRED_FROM_INDIVIDUAL_COUNT;TAXON_ID_NOT_FOUND;SCIENTIFIC_NAME_ID_NOT_FOUND
1894607417	985eec8a-e9e3-4117-8231-fdebe0634a90	3af4832227b23b587846df08c26b4330	Plantae	Tracheophyta	Pinopsida	Pinales	Podocarpaceae	Podocarpus	Podocarpus matudae		SPECIES	Podocarpus reichei J.T.Buchholz & N.E.Gray	Podocarpus reichei	J. Buchholz & N.E. Gray, 1948	MX	Parque Nacional Barranca del Cupatitzio	Michoacan de ocampo	PRESENT	1	ff90b050-c256-11db-b71b-b8a03c50a862	19.427972	-102.093611	90.0		878.0	878.0	0.0	0.0	2003-09-06	6	9	2003	5286000	5285997	HUMAN_OBSERVATION	CIRPAC-INIFAP	CZA	NO DISPONIBLE		C.Z.A.		CC_BY_4_0	Comisión Nacional para el Conocimiento y Uso de la Biodiversidad (CONABIO)	C.Z.A.	NotAType		2025-11-25T08:38:46.490Z		COORDINATE_ROUNDED;GEODETIC_DATUM_ASSUMED_WGS84;CONTINENT_DERIVED_FROM_COORDINATES;ELEVATION_MIN_MAX_SWAPPED;OCCURRENCE_STATUS_INFERRED_FROM_INDIVIDUAL_COUNT;TAXON_ID_NOT_FOUND;SCIENTIFIC_NAME_ID_NOT_FOUND
1836698357	50c9509d-22c7-4a22-a47d-8c48425ef4a7	https://www.inaturalist.org/observations/9786108	Plantae	Tracheophyta	Pinopsida	Pinales	Podocarpaceae	Podocarpus	Podocarpus matudae		SPECIES	Podocarpus matudae Lundell	Podocarpus matudae		MX		Chiapas	PRESENT		28eb1a3f-1c15-4a95-931a-4af90ecb574d	16.720718	-92.659272	4.0						2018-01-28T13:23	28	1	2018	5285997	5285997	HUMAN_OBSERVATION	iNaturalist	Observations	9786108		Neptalí Ramírez Marcial	2018-02-09T01:27:16	CC_BY_NC_4_0	Neptalí Ramírez Marcial	Neptalí Ramírez Marcial			2026-04-18T08:34:07.827Z	StillImage	COORDINATE_ROUNDED;CONTINENT_DERIVED_FROM_COORDINATES;TAXON_ID_NOT_FOUND
1836609721	50c9509d-22c7-4a22-a47d-8c48425ef4a7	https://www.inaturalist.org/observations/10176471	Plantae	Tracheophyta	Pinopsida	Pinales	Podocarpaceae	Podocarpus	Podocarpus matudae	jaliscanus	SUBSPECIES	Podocarpus matudae subsp. jaliscanus (de Laub. & Silba) Silba	Podocarpus matudae jaliscanus		MX		Jalisco	PRESENT		28eb1a3f-1c15-4a95-931a-4af90ecb574d	20.318359	-105.321583	29373.0						2018-02-24T05:28	24	2	2018	8174724	5285997	HUMAN_OBSERVATION	iNaturalist	Observations	10176471		Dante S. Figueroa	2021-07-08T17:19:13	CC_BY_NC_4_0	José Daniel Graf Pérez	José Daniel Graf Pérez			2026-04-18T08:18:55.673Z	StillImage	COORDINATE_ROUNDED;CONTINENT_DERIVED_FROM_COORDINATES;TAXON_ID_NOT_FOUND
1668859077	50c9509d-22c7-4a22-a47d-8c48425ef4a7	https://www.inaturalist.org/observations/8095955	Plantae	Tracheophyta	Pinopsida	Pinales	Podocarpaceae	Podocarpus	Podocarpus matudae		SPECIES	Podocarpus matudae Lundell	Podocarpus matudae		MX		Chiapas	PRESENT		28eb1a3f-1c15-4a95-931a-4af90ecb574d	16.720748	-92.659314	8.0						2017-08-06T13:27	6	8	2017	5285997	5285997	HUMAN_OBSERVATION	iNaturalist	Observations	8095955		Neptalí Ramírez Marcial	2017-09-25T23:52:29	CC_BY_NC_4_0	Neptalí Ramírez Marcial	Neptalí Ramírez Marcial			2026-04-18T06:47:37.543Z	StillImage	COORDINATE_ROUNDED;CONTINENT_DERIVED_FROM_COORDINATES;TAXON_ID_NOT_FOUND
1453145037	50c9509d-22c7-4a22-a47d-8c48425ef4a7	http://conabio.inaturalist.org/observations/4367423	Plantae	Tracheophyta	Pinopsida	Pinales	Podocarpaceae	Podocarpus	Podocarpus matudae		SPECIES	Podocarpus matudae Lundell	Podocarpus matudae		MX		Chiapas	PRESENT		28eb1a3f-1c15-4a95-931a-4af90ecb574d	16.720729	-92.659271	31.0						2016-05-09T16:00	9	5	2016	5285997	5285997	HUMAN_OBSERVATION	iNaturalist	Observations	4367423		Neptalí Ramírez Marcial	2016-10-16T04:03:50	CC_BY_NC_4_0	Neptalí Ramírez Marcial	Neptalí Ramírez Marcial			2026-04-18T06:47:00.573Z	StillImage	COORDINATE_ROUNDED;CONTINENT_DERIVED_FROM_COORDINATES;TAXON_ID_NOT_FOUND
1453067407	50c9509d-22c7-4a22-a47d-8c48425ef4a7	http://conabio.inaturalist.org/observations/2327126	Plantae	Tracheophyta	Pinopsida	Pinales	Podocarpaceae	Podocarpus	Podocarpus matudae	jaliscanus	SUBSPECIES	Podocarpus matudae subsp. jaliscanus (de Laub. & Silba) Silba	Podocarpus matudae jaliscanus		MX		Jalisco	PRESENT		28eb1a3f-1c15-4a95-931a-4af90ecb574d	19.262228	-103.39318	30580.0						2015-07-13T13:29:33	13	7	2015	8174724	5285997	HUMAN_OBSERVATION	iNaturalist	Observations	2327126		Dante S. Figueroa	2021-07-08T17:19:47	CC_BY_NC_4_0	Ana Santiago	Ana Santiago			2026-04-18T10:04:23.947Z	StillImage	COORDINATE_ROUNDED;CONTINENT_DERIVED_FROM_COORDINATES;TAXON_ID_NOT_FOUND
1453067406	50c9509d-22c7-4a22-a47d-8c48425ef4a7	http://conabio.inaturalist.org/observations/2326739	Plantae	Tracheophyta	Pinopsida	Pinales	Podocarpaceae	Podocarpus	Podocarpus matudae	jaliscanus	SUBSPECIES	Podocarpus matudae subsp. jaliscanus (de Laub. & Silba) Silba	Podocarpus matudae jaliscanus		MX		Jalisco	PRESENT		28eb1a3f-1c15-4a95-931a-4af90ecb574d	19.345646	-103.25655	3970.0						2015-07-13T13:30:05	13	7	2015	8174724	5285997	HUMAN_OBSERVATION	iNaturalist	Observations	2326739		Dante S. Figueroa	2021-07-08T17:19:35	CC_BY_NC_4_0	Ana Santiago	Ana Santiago			2026-04-18T08:17:40.298Z	StillImage	CONTINENT_DERIVED_FROM_COORDINATES;TAXON_ID_NOT_FOUND
1306573361	50c9509d-22c7-4a22-a47d-8c48425ef4a7	http://conabio.inaturalist.org/observations/1875480	Plantae	Tracheophyta	Pinopsida	Pinales	Podocarpaceae	Podocarpus	Podocarpus matudae	jaliscanus	SUBSPECIES	Podocarpus matudae subsp. jaliscanus (de Laub. & Silba) Silba	Podocarpus matudae jaliscanus		MX		Jalisco	PRESENT		28eb1a3f-1c15-4a95-931a-4af90ecb574d	20.308778	-105.345514	30490.0						2015-08-17	17	8	2015	8174724	5285997	HUMAN_OBSERVATION	iNaturalist	Observations	1875480		Dante S. Figueroa	2021-07-08T17:19:23	CC_BY_NC_4_0	alanfibio	alanfibio			2026-04-18T06:46:35.101Z	StillImage	COORDINATE_ROUNDED;CONTINENT_DERIVED_FROM_COORDINATES;TAXON_ID_NOT_FOUND
1132401047	50c9509d-22c7-4a22-a47d-8c48425ef4a7	http://conabio.inaturalist.org/observations/1351668	Plantae	Tracheophyta	Pinopsida	Pinales	Podocarpaceae	Podocarpus	Podocarpus matudae		SPECIES	Podocarpus matudae Lundell	Podocarpus matudae		MX		Chiapas	PRESENT		28eb1a3f-1c15-4a95-931a-4af90ecb574d	16.145424	-93.596842	127.0						2013-08-18	18	8	2013	5285997	5285997	HUMAN_OBSERVATION	iNaturalist	Observations	1351668		Neptalí Ramírez Marcial	2015-03-31T02:29:06	CC_BY_NC_4_0	Neptalí Ramírez Marcial	Neptalí Ramírez Marcial			2026-04-18T08:17:23.176Z	StillImage	CONTINENT_DERIVED_FROM_COORDINATES;TAXON_ID_NOT_FOUND
1132400666	50c9509d-22c7-4a22-a47d-8c48425ef4a7	http://conabio.inaturalist.org/observations/1042394	Plantae	Tracheophyta	Pinopsida	Pinales	Podocarpaceae	Podocarpus	Podocarpus matudae		SPECIES	Podocarpus matudae Lundell	Podocarpus matudae		MX		Chiapas	PRESENT		28eb1a3f-1c15-4a95-931a-4af90ecb574d	17.201244	-92.992367							2014-10-28	28	10	2014	5285997	5285997	HUMAN_OBSERVATION	iNaturalist	Observations	1042394		Neptalí Ramírez Marcial	2014-10-28T16:04:21	CC_BY_NC_4_0	Neptalí Ramírez Marcial	Neptalí Ramírez Marcial			2026-04-18T06:46:26.306Z	StillImage	CONTINENT_DERIVED_FROM_COORDINATES;TAXON_ID_NOT_FOUND
